,_id,benford_compliance.budget,benford_compliance.transaction,doc_size.avg,doc_size.max,doc_size.min,missing_data.@default-currency,missing_data.@xml:lang,missing_data.activity-date,missing_data.budget,missing_data.description,missing_data.document-link,missing_data.participating-org,missing_data.result,missing_data.title,missing_data.transaction,organization_id,records,relative_size.budget,relative_size.description,relative_size.document-link,relative_size.participating-org,relative_size.result,relative_size.title,relative_size.transaction,title_description_similarity,completeness,compliance,distance,organization_id.score,utility,grade,relative_size.other
0,5780510b370d935726735f83,1.0,0.0,22160.5,22627,21694,0.0,0.0,0.0,0.0,0.0,1.0,0.0,1.0,0.0,0.0,GB-CHC-1098752,2,0.02316146088316336,0.011487592264168248,0.0,0.02168353333402408,0.0,0.00666131375056268,0.876706889837328,0.0,80.0,75.0,72.16878364870321,GB-CHC-1098752,60.0,C,0.06029920993075355
1,5780511f370d935726735f84,0.0,0.3,1415.0,1536,1367,0.0,0.0,0.0,1.0,0.0,1.0,0.0,1.0,0.0,0.0,GB-CHC-1133342,10,0.0,0.0972242989239223,0.0,0.16887331189165117,0.0,0.04159809832327153,0.21649003888585452,0.019360324687858612,70.0,75.0,68.61729616746301,GB-CHC-1133342,60.0,D,0.4758142519753005
2,57805132370d935726735f85,0.0,0.4,6192.2,8237,4588,0.0,0.0,0.0,0.0,0.0,0.4,0.0,0.6,0.0,0.0,NL-KVK-51018586,5,0.027617676437382555,0.12379847646506925,0.03020547457434669,0.057225194935002256,0.02124383277858164,0.02780466341127128,0.37596126214646264,0.2747443476642579,90.0,75.0,83.67224417188416,NL-KVK-51018586,85.31197649965807,B,0.33614341925188373
3,57805146370d935726735f86,0.0,0.3333333333333333,11230.666666666666,16664,6988,0.0,0.3333333333333333,0.0,0.0,0.0,0.3333333333333333,0.0,1.0,0.0,0.0,GB-CHC-1109789,3,0.06437509785007677,0.04792126360922108,0.019074749171022743,0.045790141849027154,0.0,0.019328575245809047,0.5870297129304989,0.28863005360027794,83.33333333333334,75.0,66.06878428686542,GB-CHC-1109789,22.930510831392866,D,0.21648045934434434
4,5780515a370d935726735f87,0.2042961608775137,0.46816143497757845,73859.63587443947,296242,5022,0.0,0.0,0.0,0.01883408071748879,0.0,0.0,0.0,1.0,0.0,0.0,44000,2230,0.5251345222481182,0.026200045340108426,0.045195396537024715,0.020771466067414816,0.0,0.0026170375910613674,0.22439747683402503,0.0,89.81165919282512,100.0,84.98261415718741,44000,60.0,B,0.1556840553822474
5,5780516e370d935726735f88,0.6,0.8,4144.0,6071,3574,0.0,0.0,0.0,0.0,0.0,1.0,0.0,1.0,0.0,0.0,NL-KVK-41177588,5,0.09726356340052542,0.10357669366647451,0.0,0.1247166895681598,0.0,0.02490934296877121,0.18911115570286552,0.14501077774986965,80.0,100.0,88.84358712555685,NL-KVK-41177588,85.32027262034056,B,0.4604225546932036
6,57805181370d935726735f89,0.6666666666666666,0.3333333333333333,22311.666666666668,34189,9844,0.0,0.3333333333333333,0.0,0.0,0.0,0.0,0.0,1.0,0.0,0.0,GB-CHC-1115109,3,0.058531537195270544,0.04425295669452539,0.0838148960608031,0.025922967128065588,0.0,0.011821250350006389,0.5574288868377502,0.19740150982212043,86.66666666666667,100.0,83.88704928078612,GB-CHC-1115109,60.0,B,0.21822750573357885
7,57805195370d935726735f8a,0.6666666666666666,0.3333333333333333,6943.666666666667,8745,4529,0.0,0.0,0.0,0.0,0.0,0.0,0.0,1.0,0.0,0.0,GB-CHC-1071659,3,0.04613039488392857,0.0878228243210385,0.04930357163941313,0.07186511034748551,0.0,0.02464362351006828,0.4784227474677653,0.35307602887467276,90.0,100.0,84.68911718300505,GB-CHC-1071659,58.45288451146175,B,0.2418117278303007
8,578051a8370d935726735f8b,0.5,1.0,22385.5,24688,20083,0.0,0.0,0.0,0.0,0.0,0.0,0.0,1.0,0.0,0.0,GB-CHC-1085096,2,0.03040582126946987,0.031096476195402817,0.06692345548378635,0.01554365972271457,0.0,0.006355492415484165,0.7316917621585262,0.4518184567386645,90.0,100.0,87.55950357709132,GB-CHC-1085096,70.0,B,0.11798333275461603
9,578051bc370d935726735f8c,0.30434782608695654,0.4797297297297297,24109.841216216217,238039,4362,0.0,0.0,0.0,0.9222972972972973,0.0,0.9425675675675675,0.0,1.0,0.0,0.0,GB-CHC-288701,296,0.017519933057434062,0.04150955899922016,0.003756363346116477,0.03208223274175566,0.0,0.006118421970371504,0.5830028357000364,0.0,71.35135135135135,100.0,78.93249297060535,GB-CHC-288701,60.0,C,0.3160106541850658
10,578051cf370d935726735f8d,0.3684210526315789,0.0,2813.28,3458,1443,0.0,0.0,0.0,0.0,0.0,1.0,0.0,1.0,0.0,1.0,US-EIN-84-1166148,25,0.06708676377508808,0.07503977217552193,0.0,0.043366751554676085,0.0,0.029577528926851216,0.0,0.2815373916150729,70.0,75.0,71.70541588099651,US-EIN-84-1166148,70.0,C,0.7849291835678627
11,578051e2370d935726735f8e,0.33098591549295775,0.3971631205673759,8267.514084507042,32470,2417,0.0,0.0,0.0,0.0,0.014084507042253521,1.0,0.0,1.0,0.0,0.007042253521126761,NL-KVK-41118168,142,0.04151761454991717,0.016273150683451476,0.0,0.05514032629788418,0.0,0.01126928857791801,0.3060195784284329,0.055247044030681036,79.7887323943662,100.0,83.71937131675101,NL-KVK-41118168,68.26827655592537,B,0.5697800414623961
12,578051f6370d935726735f8f,0.0,1.0,3893.0,4287,3499,0.0,0.0,0.0,0.0,0.0,0.5,0.0,1.0,0.0,0.0,NP-CRO-45995/063/064,2,0.06629355863146744,0.2966896203407245,0.027175180779099604,0.06293243969268969,0.0,0.02840849659934829,0.14248274341171022,0.19687462597331484,85.0,75.0,83.56634091147782,NP-CRO-45995/063/064,90.0,B,0.3760179605449603
13,57805209370d935726735f90,0.0,0.0,4289.610887096775,38946,1688,0.0,0.0,0.0,1.0,0.0,1.0,0.0,0.0,0.0,1.0,US-1,496,0.0,0.1382161905022041,0.0,0.08381454239905603,0.4965131152901589,0.053166207714320526,0.0,0.17000250641323517,70.0,50.0,71.87952884282609,US-1,90.0,C,0.2282899440942605
14,5780521d370d935726735f91,0.2819843342036554,0.3681462140992167,8559.229765013055,34385,3080,0.0,0.0,0.0,0.0,0.02610966057441253,0.7963446475195822,0.0,0.27676240208877284,0.0,0.0,41120,383,0.03833304795564493,0.19671493183039493,0.014529812676346364,0.026353216871474086,0.2520421330583622,0.01948689111786641,0.10824058319062839,0.23521882462355978,89.00783289817232,100.0,96.47520288866801,41120,100.0,A,0.34429938329928267
15,57805230370d935726735f92,0.0,0.23204419889502761,1619.2265193370165,1666,1119,0.0,0.0,0.0055248618784530384,1.0,1.0,1.0,0.0,1.0,0.0055248618784530384,0.0,41111,181,0.0,0.0,0.0,0.09506436547246418,0.0,0.04291587122965007,0.11675638573046185,0.0,59.889502762430936,75.0,65.34970681171473,41111,60.0,D,0.7452633775674239
16,57805243370d935726735f93,0.42857142857142855,0.2857142857142857,7229.428571428572,13881,3182,0.0,0.0,0.0,0.0,0.0,1.0,0.0,1.0,0.0,0.0,TZ-BRE-63966,7,0.1795422565919662,0.037064362370459736,0.0,0.023564983212350787,0.0,0.019395328472725237,0.5099803588107573,0.36076626587165833,80.0,100.0,74.16640856792014,TZ-BRE-63966,10.097944325008871,C,0.23045271054174055
17,57805257370d935726735f94,0.0,0.5,13987.75,25091,4055,0.0,0.0,0.0,0.0,0.0,0.5,0.0,1.0,0.0,0.0,GB-COH-NI21482,4,0.0243215491951132,0.0388545326203909,0.007638767967268465,0.03495222641714407,0.0,0.02064445029159879,0.6699697182459798,0.35632721245224674,85.0,75.0,76.91987172809552,GB-COH-NI21482,70.0,C,0.20361875526250472
18,5780526a370d935726735f95,0.0,0.4117647058823529,7834.481617647059,16011,2412,0.0,0.0,1.0,1.0,0.0,1.0,0.0,1.0,0.0,0.0,GB-COH-03788027,272,0.0,0.011677028593067889,0.0,0.04975521086552439,0.0,0.012565038118767346,0.7978604913413998,0.128076489724493,60.0,75.0,56.911082734551336,GB-COH-03788027,-22.172370510543995,F,0.12814223108124057
19,5780527d370d935726735f96,0.45141065830721006,0.4723092998955068,26156.80459770115,85616,6013,0.0,0.0,0.0,0.0,0.0,1.0,0.0,0.0,0.0,0.0,47045,957,0.1267375419236456,0.04177768756095096,0.0,0.014683474671887171,0.21067531985954302,0.00744972670551348,0.31802321441941467,0.0,90.0,100.0,85.04900548115383,47045,60.0,B,0.280653034859045
20,57805290370d935726735f97,0.3333333333333333,0.6666666666666666,10107.333333333334,15175,7112,0.0,0.3333333333333333,0.0,0.0,0.0,0.6666666666666666,0.0,1.0,0.0,0.0,GB-CHC-1071886,3,0.06516768264270273,0.04325391454439335,0.018209774848984076,0.027668385216873023,0.0,0.023104329535021745,0.636541806027513,0.17247240065915748,80.0,100.0,73.93866257503487,GB-CHC-1071886,0.8817426804840629,C,0.1860541071845121
21,578052a4370d935726735f98,0.0,1.0,42963.0,71718,14208,0.0,0.0,0.0,0.0,0.0,0.0,0.0,1.0,0.0,0.0,GB-COH-3031674,2,0.04343542154689199,0.09461044590562286,0.0922837242883727,0.020535137904992753,0.0,0.008577063727640466,0.6431327103791652,0.0,90.0,75.0,75.99342076785332,GB-COH-3031674,60.0,C,0.097425496247314
22,578052b7370d935726735f99,0.3793103448275862,0.34375,4258.73125,7139,3102,0.0,0.0,0.0,0.2625,0.0,1.0,0.0,1.0,0.0,0.0,US-EIN-941191246,160,0.034883720891282964,0.15689627267101974,0.0,0.1567773520150581,0.0,0.02790017913407295,0.1686229278245148,0.17849900180865225,77.375,100.0,89.60448393728221,US-EIN-941191246,90.0,B,0.4549195474640514
23,578052cb370d935726735f9a,0.0,0.5,16535.5,21972,11099,0.0,0.0,0.0,0.0,0.0,1.0,0.0,1.0,0.0,0.0,GB-CHC-1065705,2,0.016864943410928507,0.013581455889595792,0.0,0.02034808875590286,0.0,0.010282265151265015,0.822735115519499,1.0000000000000007,80.0,75.0,69.58208581716035,GB-CHC-1065705,50.0,D,0.1161881312728088
24,578052de370d935726735f9b,0.2,0.0,3737.2,4172,3477,0.0,0.0,0.0,0.0,0.0,0.0,0.0,1.0,0.0,1.0,UG-NGB-5914-1107,5,0.06466859864058877,0.06012790665539865,0.1094849659375193,0.043583470653079,0.0,0.033935787690129636,0.0,0.05195399572766003,80.0,75.0,80.00276760346863,UG-NGB-5914-1107,84.71321309361267,B,0.6881992704232847
25,578052f1370d935726735f9c,0.4584837545126354,0.33574007220216606,5735.256317689531,13215,2051,0.0,0.0,0.0,0.0,0.0036101083032490976,0.8790613718411552,0.17148014440433212,1.0,0.0,0.0,GB-CHC-207544,554,0.11945128966774612,0.06829603346172523,0.009589508564161107,0.036485023393323594,0.0,0.014965783256663001,0.44144998876441327,0.14444703073310136,79.45848375451264,100.0,75.84945829651888,GB-CHC-207544,30.753379181155402,C,0.3097623728919676
26,57805305370d935726735f9d,0.3333333333333333,0.6666666666666666,22974.666666666668,39739,5830,0.0,0.0,0.0,0.0,0.0,1.0,0.0,1.0,0.0,0.0,GB-CHC-254781,3,0.030611354430382764,0.02115413493206808,0.0,0.016046383980175383,0.0,0.020315802493440126,0.8018425691347821,1.0000000000000002,80.0,100.0,79.37253933193772,GB-CHC-254781,50.0,C,0.11002975502915158
27,57805318370d935726735f9e,0.25,0.0,7297.375,10518,5466,0.0,0.0,0.0,0.0,0.0,1.0,0.0,1.0,0.0,1.0,NL-KVK-41223308,8,0.04071452081080432,0.5240862012195392,0.0,0.05675737594078199,0.0,0.013831609474647467,0.0,0.23369118648915455,70.0,75.0,82.71436795785038,NL-KVK-41223308,100.0,B,0.36461029255422706
28,5780532b370d935726735f9f,0.6666666666666666,0.14285714285714285,4351.0,5125,3769,0.0,0.0,0.0,0.5714285714285714,0.0,1.0,0.0,1.0,0.0,0.0,IN-MCA-TBD,7,0.05779079896227706,0.13572713929915067,0.0,0.06604010347010546,0.0,0.02828263676529443,0.158528568948809,0.2941081786573581,74.28571428571429,100.0,89.75577071728424,IN-MCA-TBD,93.00498795345506,B,0.5536307525543632
29,5780533f370d935726735fa0,0.0,0.0,5587.2,15213,3520,0.0,0.0,0.0,0.2,0.0,1.0,0.0,1.0,0.0,0.0,NL-KVK-41150939,10,0.0718837357719704,0.11562201739233842,0.0,0.05073107925798034,0.0,0.022754088859013845,0.3252105574438626,0.28273801237748347,78.0,50.0,70.48157156684292,NL-KVK-41150939,79.49185990776665,C,0.4137985212748343
30,57805352370d935726735fa1,0.38461538461538464,0.6410256410256411,5331.6,7805,2605,0.0,0.0,0.0,0.025,0.0,0.15,0.0,1.0,0.0,0.025,GB-CHC-285908,40,0.1494016364745015,0.06759564105833489,0.06154910212192656,0.06313528943571978,0.0,0.016387725844259543,0.3408464508112118,0.33417217005616057,88.0,100.0,85.0293976380205,GB-CHC-285908,62.81715838888142,B,0.301084154254046
31,57805365370d935726735fa2,0.0,0.2,4195.8,4548,3782,0.0,0.0,0.0,0.4,0.0,1.0,0.0,1.0,0.0,0.0,KE-NCB-TBD,5,0.03969159736919083,0.16708046210549662,0.0,0.06768482474020433,0.0,0.028164837597183533,0.16311325255413198,0.16591798186788861,76.0,75.0,79.26218938163417,KE-NCB-TBD,86.29301244428845,C,0.5342650256337927
32,57805379370d935726735fa3,0.0,0.3434343434343434,1441.5959595959596,7901,1290,0.0,0.0,1.0,1.0,1.0,1.0,0.0,1.0,0.0,0.0,GB-COH-4016725,99,0.0,0.0,0.0,0.1942776107362174,0.0,0.04806527203684115,0.3042066114891127,0.0,50.0,75.0,62.51666444503684,GB-COH-4016725,60.0,D,0.45345050573782875
33,5780538c370d935726735fa4,0.5,0.3333333333333333,4481.666666666667,5161,3995,0.0,0.0,0.0,0.3333333333333333,0.0,1.0,0.0,1.0,0.0,0.0,XI-IATI-SOL-CAM,3,0.040841580971478025,0.127253315668406,0.0,0.06824576472950061,0.0,0.03268502637109081,0.23126919397412457,0.11148756461655547,76.66666666666667,100.0,87.0568146381534,XI-IATI-SOL-CAM,82.81841067689975,B,0.4997051182854
34,5780539f370d935726735fa5,0.5,0.0,7315.5,12070,2561,0.0,0.0,0.0,0.0,0.0,1.0,0.0,1.0,0.0,0.5,GB-COH-7557881,2,0.11098262866585554,0.15265969337397006,0.0,0.03373593191091793,0.0,0.03176016384962507,0.3683927091963546,0.23720686641548747,75.0,75.0,72.10675196289127,GB-COH-7557881,65.94051134100928,C,0.30246887300327674
35,578053b3370d935726735fa6,0.4456140350877193,0.45577100646352725,8536.931565901497,196106,1968,0.0,0.0,0.0,0.4164241836404785,0.0,0.007974997305744153,0.0,0.9183101627330531,0.0,0.4164241836404785,XM-DAC-41114,9279,0.060701277320238216,0.033962173511776036,0.20035564474318363,0.06362861293916289,0.029473080557410814,0.01690079841951206,0.23463721771329304,0.30941211741064245,82.40866472680246,100.0,94.50077252251175,XM-DAC-41114,100.0,A,0.36034119479542337
36,578053c7370d935726735fa7,0.34044298605414275,0.42310960067969416,4394.473898858075,26557,1221,0.00734094616639478,0.0,0.0,0.005709624796084829,0.22104404567699837,1.0,0.0,0.9951060358890701,0.010603588907014683,0.03833605220228385,NL-KVK-41198677,1226,0.0382708332112088,0.3290733748948981,0.0,0.03802162746127171,0.002576592680210495,0.03147902755640356,0.24707739330891365,0.20830208242165435,77.21859706362154,100.0,93.02815296542215,NL-KVK-41198677,100.0,A,0.31350115088709374
37,578053da370d935726735fa8,0.0,0.875,24670.11111111111,32205,2921,0.0,0.0,0.0,0.0,0.0,0.8888888888888888,0.0,1.0,0.0,0.1111111111111111,GB-CHC-299717,9,0.01866743282119148,0.02948523497320125,0.0013805560931552804,0.023306191894090438,0.0,0.009989383658866148,0.8190563682778241,0.7765145304745156,80.0,75.0,69.58208581716035,GB-CHC-299717,50.0,D,0.09811483228167128
38,578053ed370d935726735fa9,0.15384615384615385,0.43803418803418803,6251.6175213675215,19253,3266,0.0,0.0,0.0,0.0,0.0,1.0,0.0,1.0,0.0,0.0,GB-CHC-213890,468,0.04211117548143934,0.042679017321017865,0.0,0.07758591421468367,0.0,0.016136544117879747,0.48617126304744773,0.1491629674980411,80.0,100.0,77.12059477711584,GB-CHC-213890,37.98365985958069,C,0.3353160858175316
39,57805401370d935726735faa,0.31654676258992803,0.41911764705882354,10199.283422459894,50134,2902,0.0,0.0,0.0,0.25668449197860965,0.0,1.0,0.0,1.0,0.0,0.2727272727272727,GB-COH-213890,187,0.04662280712441094,0.05980825281385662,0.0,0.04838115716245658,0.0,0.016901022308238894,0.45707313378575054,0.0,74.70588235294117,100.0,75.99493327130581,GB-COH-213890,41.76985504642292,C,0.37121362680528636
40,57805414370d935726735fab,1.0,1.0,22720.0,22720,22720,0.0,0.0,0.0,0.0,0.0,1.0,0.0,1.0,0.0,0.0,GB-CHC-1105489,2,0.07935739436619718,0.026056338028169014,0.0,0.020598591549295775,0.0,0.011223591549295775,0.8012764084507042,0.2067745850488811,80.0,100.0,84.26149773176358,GB-CHC-1105489,70.0,B,0.06148767605633809
41,57805427370d935726735fac,0.0,0.0,3506.0,3506,3506,0.0,1.0,0.0,1.0,0.0,1.0,0.0,1.0,0.0,0.0,Netherlands Enterprise Agency,1,0.0,0.04905875641756988,0.0,0.2512835139760411,0.0,0.04420992584141472,0.22989161437535655,0.0,60.0,50.0,68.79922480183431,Netherlands Enterprise Agency,90.0,D,0.4255561893896178
42,5780543a370d935726735fad,0.0,0.5,14453.5,23652,5255,0.0,0.0,0.0,0.0,0.0,0.5,0.0,1.0,0.0,0.0,GB-CHC-1098106,2,0.06340325940858593,0.07588146181799106,0.06993339676498572,0.06604921778088016,0.0,0.01603695625903221,0.5423121987821187,0.0,85.0,75.0,74.04953297174353,GB-CHC-1098106,60.0,C,0.1663835091864062
43,5780544e370d935726735fae,1.0,1.0,63125.0,96152,2992,0.0,0.0,0.0,0.3333333333333333,0.0,0.0,0.0,1.0,0.0,0.3333333333333333,GB-CHC-1127488,3,0.0194330763057645,0.02316993777201502,0.06673872814954111,0.034036930819396106,0.0,0.014979057168524946,0.5907715118635758,0.0,83.33333333333334,100.0,82.75353858384636,GB-CHC-1127488,60.0,B,0.2508707579211824
44,57805461370d935726735faf,0.23478260869565218,0.19130434782608696,3046.1565217391303,4501,2487,0.0,0.0,0.0,0.0,0.0,0.8956521739130435,0.0,1.0,0.0,0.0,IE-CHY-6663,115,0.08937527606624601,0.0790628940832716,0.014841678297122561,0.09588567895256751,0.0,0.03929896271923135,0.10628642283460821,0.2657512541438722,81.04347826086956,100.0,91.6517194697791,IE-CHY-6663,92.9089214052193,A,0.5752490870469528
45,57805474370d935726735fb0,0.0,0.15384615384615385,19323.6,30972,14145,0.0,0.0,0.0,0.0,0.0,0.0,0.0,1.0,0.0,0.13333333333333333,NL-KVK-34200988,15,0.016268000068901493,0.6569430558346756,0.014720220933332858,0.04413788932047163,0.0,0.005040947331804592,0.025614045927450316,0.20103192601984265,88.66666666666667,75.0,78.28745701532223,NL-KVK-34200988,70.0,C,0.23727584058336348
46,57805488370d935726735fb1,0.0,0.6666666666666666,639503.6666666666,816996,426657,0.0,1.0,0.0,1.0,0.0,1.0,0.0,0.6666666666666666,0.0,0.0,GB-COH-07676886,3,0.0,0.0007450577217107251,0.0,0.0010402160569306402,0.0007764215899873847,0.00014737484234086438,0.9943491759730433,0.3202854149650354,63.333333333333336,75.0,69.60869464636131,GB-COH-07676886,70.0,D,0.002941753815987047
47,5780549a370d935726735fb2,0.0,0.6,12554.0,22346,7669,0.0,0.0,0.0,0.0,0.0,0.0,0.0,1.0,0.0,0.0,GB-CHC-294329,5,0.023956926011235013,0.47507979647673054,0.1001348794813551,0.144474664016691,0.0,0.008070355980605886,0.09249056287803713,0.0,90.0,75.0,85.2936105461599,GB-CHC-294329,90.0,B,0.15579281515534527
48,578054ae370d935726735fb3,0.2,0.4,35686.6,102226,17906,0.0,0.0,0.0,0.0,0.0,0.8,0.0,1.0,0.0,0.0,GB-COH-04154075,5,0.024418195147179664,0.03211089490821021,0.0019094946491107936,0.04979724281400954,0.0,0.006985165446479803,0.7956284098870056,0.0,82.0,100.0,82.30836328506761,GB-COH-04154075,60.0,B,0.08915059714800444
49,578054c1370d935726735fb4,0.37254901960784315,0.5918367346938775,5381.490196078431,10146,3280,0.0,0.0,0.0,0.0,0.0,1.0,0.0,1.0,0.0,0.0392156862745098,NL-KvK-41198890,51,0.059703211874252544,0.2517799619402787,0.0,0.09827663869001975,0.0,0.027530980517354427,0.10998679700818711,0.0,79.6078431372549,100.0,90.2541018254679,NL-KvK-41198890,90.0,A,0.45272240996990754
50,578054d4370d935726735fb5,0.0,0.0,7216.5,7692,6741,0.0,0.0,0.0,0.0,0.0,1.0,0.0,1.0,0.0,0.0,US-IRS-13-5661832,2,0.03628571266571179,0.13890994892132133,0.0,0.024084663876096653,0.0,0.014491790174499726,0.5381568734044422,0.0,80.0,50.0,57.676649489605666,US-IRS-13-5661832,32.86012308316097,F,0.24807101095792827
51,578054e7370d935726735fb6,0.18181818181818182,0.2753623188405797,4229.957142857143,8614,1140,0.0,0.0,0.014285714285714285,0.6857142857142857,0.014285714285714285,0.8857142857142857,0.014285714285714285,1.0,0.014285714285714285,0.014285714285714285,GB-COH-1364201,70,0.040963987562785006,0.12785156391791408,0.02070763603908785,0.09707615936292961,0.0,0.02372397867501819,0.3217724517126213,0.17842361949719884,73.57142857142858,100.0,86.66833075268887,GB-COH-1364201,84.38864594441371,B,0.36790422272964396
52,578054fa370d935726735fb7,0.0,1.0,8591.0,12332,4874,0.0,0.0,0.0,0.6666666666666666,0.0,0.0,0.0,1.0,0.0,0.0,GB-CHC-1112734,3,0.023948534976754244,0.05505809564711908,0.044970895933030414,0.03314325713191505,0.0,0.02059488179191693,0.4941099920506882,0.3794684907470344,83.33333333333333,75.0,71.29530246545467,GB-CHC-1112734,51.76500764490967,C,0.32817434246857613
53,5780550e370d935726735fb8,0.30434782608695654,0.4782608695652174,4566.869565217391,7540,3613,0.0,0.0,0.0,0.0,0.0,0.0,0.0,1.0,0.0,0.0,GB-COH-02394229,23,0.05548602508549855,0.0898816931987779,0.026385652648875,0.08421959261082529,0.0,0.035087093144667826,0.48393241885223814,0.19269739882013817,90.0,100.0,82.02862952369156,GB-COH-02394229,45.67371437276725,B,0.2250075244591172
54,57805521370d935726735fb9,1.0,0.6666666666666666,20366.333333333332,24427,18280,0.0,0.0,0.0,0.0,0.0,0.3333333333333333,0.0,1.0,0.0,0.0,GB-CHC-1128536,3,0.02646163449592781,0.014263642607379097,0.008469575627428809,0.031084179536096785,0.0,0.006653893183349478,0.8250612967415315,0.0,86.66666666666667,100.0,83.88704928078612,GB-CHC-1128536,60.0,B,0.08800577780828645
55,57805534370d935726735fba,0.0,0.0,61816.5,74133,49500,0.0,0.0,0.0,0.0,0.0,0.5,0.0,1.0,0.0,0.0,GB-CHC-1079358,2,0.01244997504485182,0.007605788368080464,0.004404246421971322,0.009327814995898036,0.0,0.0026449575271962067,0.940697585298168,0.48742635079567526,85.0,50.0,69.82120021884471,GB-CHC-1079358,70.0,D,0.0228696323438341
56,57805547370d935726735fbb,0.0,0.0851063829787234,2354.6382978723404,2631,2120,0.0,0.0,0.0,1.0,0.0,0.7872340425531915,0.0,1.0,0.0,0.0,IM-CR-017899B,47,0.0,0.05634694071872632,0.027920815622604067,0.12669291482644926,0.0,0.027136169458762485,0.4029054413975567,0.050144695744428674,72.12765957446808,75.0,69.34791339252239,IM-CR-017899B,60.0,D,0.3589977179759012
57,5780555b370d935726735fbc,1.0,0.5,5517.5,7803,3232,0.0,0.0,0.0,0.0,0.0,1.0,0.0,1.0,0.0,0.0,GB-CHC-1120413,2,0.0543281422288711,0.18621921484247617,0.0,0.0458918242602807,0.0,0.04283071581379591,0.414365670635691,0.0,80.0,100.0,82.59288241416327,GB-CHC-1120413,63.75541291874285,B,0.2563644322188854
58,5780556e370d935726735fbd,0.2373612823674476,0.2727821971604068,2211.6790135883243,37273,1368,0.0,0.0,0.0,0.2932058379466532,0.008656265727226975,0.8253648716658278,0.0,1.0,0.00020130850528434828,0.0,GB-3,9935,0.057325207863855386,0.08389259134842995,0.01507438858451483,0.1222966192755041,0.0,0.04695257669787402,0.1376378976407293,0.26594172234536295,78.72571716155008,100.0,83.8604764725322,GB-3,70.0,B,0.5368207185890924
59,57805581370d935726735fbe,0.3569482288828338,0.391025641025641,10212.526612903226,254115,2199,0.0,0.0,0.0,0.7040322580645161,0.0,1.0,0.0,1.0,0.0,0.24516129032258063,NZ-1,1240,0.024652619484655636,0.07146653083393555,0.0,0.03322386429214515,0.0,0.01853113923345054,0.33334896980681156,0.0,70.50806451612902,100.0,81.59445485506177,NZ-1,70.72183557765969,B,0.5187768763490015
60,5780559c370d935726735fbf,0.2246062542798448,0.3522833723653396,6096.663867268825,8948512,1280,0.0,0.020281220973063,0.0,0.97193555619615,0.0,0.9783799365811473,0.0,1.0,0.0,0.015278178149322572,US-USAGOV,156105,0.0034348872128943395,0.038046454218127974,0.0008207395475225905,0.09688691309268986,0.0,0.020008585500422102,0.2561392960579726,0.2370022595886485,70.14125108100318,100.0,86.10670310635813,US-USAGOV,85.57626923587625,B,0.5846631243703706
61,578055af370d935726735fc0,1.0,1.0,8395.5,8493,8298,0.0,0.0,0.0,0.0,0.0,1.0,0.0,1.0,0.0,0.0,GB-CHC-1045348,2,0.05842996133347534,0.026187296943703968,0.0,0.010602347098997524,0.0,0.028238750316176335,0.7447921681749055,0.0,80.0,100.0,75.23921007268558,GB-CHC-1045348,-24.14158646578837,C,0.13174947613274135
62,578055c3370d935726735fc1,0.3695652173913043,0.3656716417910448,2572.6801801801803,10942,1026,0.0,0.0,0.0,0.7927927927927928,0.45045045045045046,0.8423423423423423,0.0045045045045045045,1.0,0.3963963963963964,0.0,GB-CHC-1043843,222,0.01236626551775182,0.10575604596898225,0.006336637010827133,0.11482359795770329,0.0,0.026034138048204144,0.19975890808910382,0.21716622846646555,65.13513513513513,100.0,79.88029758973175,GB-CHC-1043843,70.0,C,0.5349244074074274
63,578055d6370d935726735fc2,1.0,1.0,15785.0,15785,15785,0.0,0.0,0.0,0.0,0.0,0.0,0.0,1.0,0.0,0.0,GB-CHC-1128267-8,1,0.061830852074754514,0.012100095026924296,0.04567627494456763,0.02356667722521381,0.0,0.008425720620842573,0.7484954070319924,0.13234857063656771,90.0,100.0,85.04900548115383,GB-CHC-1128267-8,60.0,B,0.0999049730757049
64,578055ea370d935726735fc3,0.0,0.3032483952538417,3286.8883485703172,3768,2382,0.0,0.0,0.002334176230305388,1.0,0.0,0.0,0.0,1.0,0.0,0.0,US-EIN-300108263,10282,0.0,0.129768873781466,0.061978256227102686,0.07890407068696026,0.0,0.026200975656618688,0.19819064205729858,0.0,79.97665823769695,75.0,81.78162818372925,US-EIN-300108263,89.68521763521477,B,0.5049571815905538
65,578055fd370d935726735fc4,0.0,0.2916666666666667,2137.8055555555557,6220,1251,0.0,0.0,0.0,1.0,0.08333333333333333,1.0,0.0,1.0,0.027777777777777776,0.0,GB-CHC-1043943,36,0.0,0.23134967688591906,0.0,0.11680196121684262,0.0,0.05759888181344683,0.21708264341799893,0.2268163812340277,68.8888888888889,75.0,71.34582214431732,GB-CHC-1043943,70.0,C,0.37716683666579254
66,57805611370d935726735fc5,0.4142561983471074,0.48140495867768596,9094.286157024793,125177,4003,0.0,0.0,0.0,0.0,0.0,1.0,0.0,1.0,0.0,0.0,41AAA,968,0.08974422883085192,0.15818267294508623,0.0,0.05324941059469022,0.0,0.016081180589348296,0.3364227089195082,0.0,80.0,100.0,83.58363489799954,41AAA,67.51793886284045,B,0.34631979812051505
67,57805624370d935726735fc6,0.0,0.0,12585.0,19151,6019,0.0,0.0,0.0,0.0,0.0,0.0,0.0,0.0,0.0,0.0,PK-MSW-633-1965,2,0.006550714480294933,0.073695537903318,0.04266276645113564,0.050222144348927814,0.34090535402621136,0.025001893599792324,0.31771212041544006,0.0,100.0,50.0,82.86535263104035,PK-MSW-633-1965,90.0,B,0.14324946877487987
68,57805638370d935726735fc7,0.2768595041322314,0.26859504132231404,2044.1652892561983,4890,1546,0.0,0.0,0.0,0.0,0.0,1.0,0.0,1.0,0.05785123966942149,0.0,21032,242,0.07756996841235092,0.21951108176167786,0.0,0.09360442444664913,0.0,0.03691307433517911,0.10643109562999459,0.0,79.42148760330579,100.0,81.46118235724721,21032,60.0,B,0.46597035541414844
69,5780564b370d935726735fc8,0.0,0.4535098522167488,2820.6334256694367,30847,1229,0.0,0.0,0.0,1.0,0.0,1.0,0.16928285626346568,1.0,0.0,0.0,GB-COH-871954,3249,0.0,0.035251796248753624,0.0,0.03285833984052237,0.0,0.032291086168009554,0.4619284724291232,0.8303372302532711,68.30717143736534,75.0,65.29642580768011,GB-COH-871954,50.0,D,0.4376703053135914
70,5780565f370d935726735fc9,0.32,0.0,10377.96,14876,7689,0.0,0.0,0.0,0.0,0.0,0.0,0.0,0.96,0.0,1.0,FI-PRO-1498487-2,25,0.04702976305369913,0.6212779838838685,0.036172583619886234,0.07973956356146863,0.0037573964497041416,0.010037465408638471,0.0,0.16733025847216904,80.4,75.0,82.03487063438328,FI-PRO-1498487-2,90.0,B,0.20198524402273488
71,57805672370d935726735fca,0.2866638969671791,0.46137873754152825,7423.287671232877,44493,1908,0.0,0.0,0.0,0.0008302200083022001,0.0,0.9950186799501868,0.0,1.0,0.0,0.00041511000415110004,GB-CHC-202918,2409,0.0539139638774786,0.11950859783528793,0.00011465494404171759,0.057312841340251316,0.0,0.02197697681610229,0.48226237784596976,0.0,80.0373599003736,100.0,77.94339104240497,GB-CHC-202918,42.656038748878636,C,0.26491058734086836
72,57805685370d935726735fcb,0.0,1.0,38393.0,38393,38393,0.0,0.0,0.0,0.0,0.0,0.0,0.0,1.0,0.0,0.0,GB-CHC-261488,2,0.019560857447972285,0.014950642044122626,0.03284452895058995,0.009767405516630636,0.0,0.00419347276847342,0.8438256973927539,0.25379758482904513,90.0,75.0,78.79297769048542,GB-CHC-261488,70.0,C,0.07485739587945717
73,57805699370d935726735fcc,0.5,1.0,14765.0,16969,12561,0.0,0.0,0.0,0.0,0.0,0.5,0.0,0.0,0.0,0.0,NL-KVK-34214586,2,0.020766620469104113,0.039991743468255375,0.008279804349107196,0.21563601494586787,0.413899151456116,0.01405949855154134,0.14117701644028294,0.0,95.0,100.0,86.84276980075352,NL-KVK-34214586,60.0,B,0.14619015031972515
74,578056ac370d935726735fcd,0.5,0.0,12338.0,40330,2479,0.0,0.0,0.0,0.0,0.0,0.25,0.0,1.0,0.0,0.75,GB-COH-00637978,4,0.06309699647271536,0.11362131897358002,0.06559732329285081,0.05330700908746746,0.0,0.04017912818788315,0.22724398710637242,0.0,80.0,75.0,80.91381489451331,GB-COH-00637978,87.27047795417815,B,0.4369542368791308
75,578056bf370d935726735fce,0.75,0.5,12197.75,17272,7507,0.0,0.5,0.0,0.0,0.0,0.0,0.0,1.0,0.0,0.0,GB-CHC-265464,4,0.06578143195375034,0.03621054213601093,0.09746812356131264,0.05389881134686009,0.0,0.01685668789524876,0.5819077720323594,0.1985322705021618,85.0,100.0,76.72905380886552,GB-CHC-265464,20.905575696721286,C,0.1478766310744578
76,578056d3370d935726735fcf,0.0,0.0,9502.0,17541,1463,0.0,0.0,0.0,1.0,1.0,0.0,0.0,1.0,0.5,0.5,MZ-MOJ-F2G1No4,2,0.0,0.0,0.034837801938339324,0.08379520407280933,0.0,0.0015107462516390172,0.4387720198392338,0.0,60.0,50.0,54.906418814093335,MZ-MOJ-F2G1No4,54.259971258432,F,0.4410842278979785
77,578056e7370d935726735fd0,0.5,0.5,21300.5,22817,19784,0.0,0.0,0.0,0.0,0.0,0.0,0.0,1.0,0.0,0.0,GB-CHC-218186,2,0.028497771328516004,0.0240593490115742,0.015481958404925805,0.021120814176460286,0.0,0.009433619293834251,0.781267084743126,0.0,90.0,100.0,85.04900548115383,GB-CHC-218186,60.0,B,0.12013940304156345
78,578056fa370d935726735fd1,1.0,0.0,18953.0,18953,18953,0.0,0.0,0.0,0.0,0.0,0.0,0.0,1.0,0.0,0.0,GB-CHC-289036,3,0.012821189257637313,0.022265604389806362,0.013348810214741729,0.02163245924128106,0.0,0.01171318524771804,0.812905608610774,0.0,90.0,75.0,75.99342076785332,GB-CHC-289036,60.0,C,0.10531314303804151
79,5780570d370d935726735fd2,0.0,0.0,73435.66666666667,114669,35755,0.0,0.3333333333333333,0.0,0.0,0.0,0.0,0.0,1.0,0.0,0.0,GB-CHC-328158,3,0.0038093905933470995,0.007854895710555308,0.4250002183841705,0.007512296591820151,0.0,0.002528613488557204,0.4928519591591549,0.17575402574467175,86.66666666666667,50.0,67.35753140545634,GB-CHC-328158,60.0,D,0.0604426260723947
80,57805721370d935726735fd3,0.5454545454545454,0.18181818181818182,14087.09090909091,46338,4258,0.0,0.0,0.0,0.0,0.0,1.0,0.0,1.0,0.0,0.0,GB-COH-1858644,11,0.026705101749469374,0.06347084103707779,0.0,0.04274384823187761,0.0,0.013091449077443612,0.6129075277673037,0.15894142785008464,80.0,100.0,81.64965809277261,GB-COH-1858644,60.0,B,0.24108123213682786
81,57805734370d935726735fd4,0.0,0.4496805111821086,13061.863027006022,187563,4862,0.0,0.0,0.0,1.0,0.0,1.0,0.0,1.0,0.0,0.027006022925976297,XM-DAC-301-2,5147,0.0,0.25860764079193405,0.0,0.08418100586528292,0.0,0.022970641938471818,0.27366880376213276,0.0,69.72993977074023,75.0,78.71311728979498,XM-DAC-301-2,90.0,C,0.3605719076421785
82,57805748370d935726735fd5,0.0,0.0,1898.6666666666667,1920,1879,0.0,0.0,0.0,0.0,0.0,1.0,0.0,1.0,0.0,1.0,NL-KVK-32037590,3,0.12712226918893532,0.0856015693142277,0.0,0.06373390406407485,0.0,0.03546218033052945,0.0,0.0,70.0,50.0,60.55300708194983,NL-KVK-32037590,60.0,D,0.6880800771022326
83,5780575b370d935726735fd6,0.0,0.5210526315789473,2474.5684210526315,3179,2069,0.0,0.0,0.0,1.0,0.0,1.0,0.0,1.0,0.0,0.0,GB-CHC-1075920,190,0.0,0.07312401482042759,0.0,0.09890913884170284,0.0,0.029321152020163502,0.249372561803865,0.23436916044578382,70.0,75.0,71.70541588099651,GB-CHC-1075920,70.0,C,0.549273132513841
84,57805771370d935726735fd7,0.41473586654309547,0.47680890538033394,18845.894518654997,44729,7883,0.0,0.0,0.0,0.005988023952095809,0.0,0.0,0.0,0.039613081529249194,0.0,0.006909258406264394,47122,2171,0.040186964127279505,0.048601657232174675,0.4435824334389653,0.04698147849012707,0.19883136437435686,0.007417856157841992,0.052842921745534094,0.0,99.4748963611239,100.0,88.49718452405956,47122,60.0,B,0.16155532443372056
85,57805787370d935726735fd8,0.282428894442461,0.2857907890039272,4945.647774604308,18818,3895,1.0,1.0,0.0,0.0,0.0,0.9987504462691896,0.0,1.0,0.0,0.0,ES-DIR3-E04585801,33612,0.05636854961756051,0.09667044072372909,5.188857480873863e-05,0.12503824179508916,0.0,0.041042184565588925,0.10984041813120071,0.0,60.0124955373081,100.0,83.75716003691225,ES-DIR3-E04585801,86.28027556592158,B,0.5709882765920229
86,5780579b370d935726735fd9,0.0,0.38213758209987114,4581.382261557292,8471,1027,0.0,0.0,0.0,1.0,0.1347644603458557,1.0,0.0,1.0,0.04870853340865581,0.001318143301007438,XM-DAC-701-8,31863,0.0,0.015605345619040017,0.0,0.09363885460967909,0.0,0.016573788386271663,0.23502641081028539,0.8669642889502546,68.1520886294448,75.0,68.76575875946989,XM-DAC-701-8,62.58179886149908,D,0.6391556005747239
87,578057af370d935726735fda,0.0,0.26666666666666666,6017.933333333333,8700,4662,0.0,0.0,0.0,0.8,0.0,1.0,0.0,1.0,0.0,0.0,NL-KVK-41207989,15,0.007373490062245027,0.4277614266027922,0.0,0.0514259467559026,0.0,0.02040296345377768,0.16854554300501687,0.16155127293249882,72.0,75.0,79.39143530633515,NL-KVK-41207989,90.0,C,0.3244906301202656
88,578057c2370d935726735fdb,0.3378509196515005,0.36506469500924216,11485.08595194085,71648,4531,0.0,0.0,0.0,0.04528650646950092,0.0,0.6811460258780037,0.0,0.16820702402957485,0.0,0.0,NL-KVK-56484038,2164,0.06848072659774006,0.2698131599531505,0.012328933760647913,0.0338091047128271,0.1788617746776462,0.010519524159407151,0.20066796825086136,0.0,91.05360443622922,100.0,93.79189531586991,NL-KVK-56484038,90.0,A,0.22551880788771972
89,578057d6370d935726735fdc,0.40816326530612246,0.4722222222222222,30069.659003831417,875398,3279,0.0,0.0,0.0,0.671455938697318,0.0,0.0,0.0,0.6312260536398467,0.0,0.0,XI-IATI-IADB,1044,0.012920943179936287,0.0628378533275055,0.28243556579844525,0.025252767352082765,0.029336784510953243,0.019878067414074694,0.3378513302619073,0.0,86.97318007662835,100.0,83.99272597997523,XI-IATI-IADB,60.0,B,0.229486688155095
90,578057e9370d935726735fdd,0.5,0.0,14611.0,19251,9971,0.0,0.0,0.0,0.0,0.0,0.5,0.0,1.0,0.0,0.0,GB-CHC-291333,2,0.032279963251801214,0.04518607832643501,0.0316087475975274,0.036267960837923406,0.0,0.016618439175129875,0.6655338375424099,0.34528873313514563,85.0,75.0,76.91987172809552,GB-CHC-291333,70.0,C,0.17250497326877312
91,578057fc370d935726735fde,0.5,0.5,11034.5,16191,5878,0.0,0.5,0.0,0.0,0.0,0.0,0.0,1.0,0.0,0.0,GB-CHC-1089490,2,0.04430245431214553,0.0745939890027916,0.23023945878803997,0.04410967438738339,0.0,0.02587665165595402,0.38970301026898,0.38571037221806653,85.0,100.0,89.71632727646737,GB-CHC-1089490,83.19890708377488,B,0.19117476158470548
92,57805810370d935726735fdf,0.25,0.0,19253.75,22955,13335,0.0,0.5,0.0,0.0,0.0,0.25,0.0,1.0,0.0,0.0,GB-CHC-1074937,4,0.012455544167533377,0.06558129169221366,0.016812120013288474,0.013728736011652743,0.0,0.007443187095932873,0.7982167839372045,0.24305857792160251,82.5,75.0,76.0071268588238,GB-CHC-1074937,70.0,C,0.08576233708217429
93,57805823370d935726735fe0,0.5,0.5,2003.5,2091,1916,0.0,0.0,0.0,0.0,0.0,1.0,0.5,1.0,0.0,0.0,NP-DAO-27-127/062/063,2,0.11697400330874241,0.09562567580115197,0.0,0.037578288100208766,0.0,0.059879726115202946,0.23549804360870577,0.0,75.0,100.0,80.05206639015219,NP-DAO-27-127/062/063,60.0,B,0.4544442630659882
94,57805837370d935726735fe1,0.0,0.3511450381679389,3467.2630651790955,6031,2454,0.0,0.0,0.0,1.0,0.0,1.0,0.0,1.0,0.0,0.0,US-EIN-941655673,1703,0.0,0.06294819351301596,0.0,0.08277384460129532,0.0,0.036756174731067306,0.3421048046255109,0.8592997577101797,70.0,75.0,71.14015535098355,US-EIN-941655673,68.24782128453786,C,0.4754169825291106
95,5780584a370d935726735fe2,0.32340425531914896,0.32340425531914896,3442.923404255319,7116,2991,0.0,1.0,0.0,0.0,0.0,0.0,0.0,1.0,0.0,0.0,XM-DAC-918-3,235,0.07919130568155666,0.08693039499792897,0.12888461450497773,0.08718285221332948,0.0,0.022357435599272373,0.05467254564006742,0.154720135691748,80.0,100.0,90.3696114115064,XM-DAC-918-3,90.0,A,0.5407808513628674
96,5780585e370d935726735fe3,0.5,0.0,11384.583333333334,24296,2868,0.0,0.0,0.0,0.0,0.0,0.9166666666666666,0.0,1.0,0.0,1.0,ZA-CIPC-2001/005850/08,12,0.036684170036865506,0.7373197089820857,0.0007410668427617579,0.032797628082173326,0.0,0.015173128735453208,0.0,0.0,70.83333333333333,75.0,79.04083567184563,ZA-CIPC-2001/005850/08,90.0,C,0.17728429732066053
97,57805871370d935726735fe4,0.1111111111111111,0.3333333333333333,12251.888888888889,23135,5503,0.0,0.0,0.0,0.0,0.0,0.1111111111111111,0.0,1.0,0.0,0.0,GB-SC-SC030289,9,0.07215072028262624,0.2153390752096903,0.046564419681241455,0.046689417932653736,0.0,0.016179517733418938,0.384474750938072,0.17586638722140688,88.88888888888889,100.0,86.82833110699437,GB-SC-SC030289,68.67490575586035,B,0.21860209822229737
98,57805884370d935726735fe5,0.5,0.5,4926.0,5902,3950,0.0,0.0,0.0,0.0,0.0,1.0,0.0,1.0,0.0,0.0,21-PK-WWF,2,0.056290337109497324,0.19817517340185048,0.0,0.026755229937073466,0.0,0.03076893050628622,0.424501327591162,0.0,80.0,100.0,81.50611074711667,21-PK-WWF,59.41160044438915,B,0.2635090014541306
99,57805898370d935726735fe6,0.0,0.0,8250.5,12353,4148,0.0,0.5,0.0,0.0,0.0,0.5,0.0,1.0,0.0,0.0,GB-CHC-291824,2,0.03923144862463965,0.07696580250476559,0.031409374241075046,0.03580379125438981,0.0,0.03856784913046082,0.5835312571891734,0.10318898533313868,80.0,50.0,56.16268023129623,GB-CHC-291824,23.722140550306506,F,0.1944904770554956
100,578058ab370d935726735fe7,0.5,0.6666666666666666,10057.5,44318,2312,0.0,0.3333333333333333,0.0,0.0,0.0,0.8333333333333334,0.0,1.0,0.0,0.5,GB-CHC-213251,6,0.07465566919742064,0.12120536489227174,0.001049235073784918,0.07121172987496231,0.0,0.0385454066705287,0.2659933478645023,0.1699589667041414,73.33333333333334,100.0,86.21719293873929,GB-CHC-213251,83.20117365115476,B,0.42733924642652943
101,5780594a370d935726735fe8,0.0,0.0,2952.3431952662722,11004,1784,0.0,0.0,0.0,1.0,0.0,1.0,0.0,0.0,0.0,1.0,US-11,169,0.0,0.2052085039312636,0.0,0.09245531449781356,0.3769101424760713,0.059449108676433514,0.0,0.2500064253758929,70.0,50.0,64.03124237432849,US-11,70.0,D,0.2659769304184181
102,5780595e370d935726735fe9,0.4207899305555556,0.43139149641082275,9374.422907919148,1371635,1727,0.0,0.0,0.0,0.5500439410213847,0.8406405624450737,1.0,0.011717605702568109,0.9668001171760571,0.012108192559320378,0.2926472024216385,DK-1,10241,0.048985431859396925,0.05000743078325709,0.0,0.05215428748330105,0.0067913624434687,0.018945063594885722,0.3475361143293237,0.0,63.26042378673958,100.0,77.52911407391035,DK-1,63.48550519274714,C,0.47558030950636687
103,57805972370d935726735fea,0.5,0.5,22349.833333333332,35432,16668,0.0,0.0,0.0,0.0,0.0,0.0,0.0,1.0,0.0,0.0,GB-CHC-1029161,6,0.051616676665910834,0.03312871798818836,0.18894616054194643,0.009004148877377872,0.0,0.0068100484980949975,0.6459676535181288,0.3119949937836824,90.0,100.0,87.55950357709132,GB-CHC-1029161,70.0,B,0.06452659391035276
104,57805985370d935726735feb,0.0,0.4353236670852837,3576.2103710427778,5958,1918,0.0,0.0,0.006127311925564507,1.0,0.1896062634744128,1.0,0.0,1.0,0.0,0.0,DE-1,8813,0.0,0.060908728871434274,0.0,0.07195916805388268,0.0,0.08181052866245812,0.2579838026519647,0.0,68.04266424600023,75.0,75.03735409531193,DE-1,81.4678425587775,C,0.5273377717602602
105,57805998370d935726735fec,0.0,1.0,17534.75,24233,10889,0.0,0.0,0.0,0.0,0.0,0.0,0.0,1.0,0.0,0.0,GB-CHC-250456,4,0.026553972977949345,0.04662072108403763,0.04258993110923254,0.03492666462170661,0.0,0.01560006174121937,0.715744873692616,0.48457140657775505,90.0,75.0,78.79297769048542,GB-CHC-250456,70.0,C,0.1179637747732385
106,578059ac370d935726735fed,0.0,0.14285714285714285,2036.5714285714287,2301,1935,0.0,0.0,0.0,1.0,0.0,1.0,0.0,1.0,0.0,0.0,US-EIN-47-4128047,7,0.0,0.053232448143565016,0.0,0.05757552523187269,0.0,0.05094749753446464,0.17966973272195239,0.6386118662713078,70.0,75.0,71.70541588099651,US-EIN-47-4128047,70.0,C,0.6585747963681452
107,578059bf370d935726735fee,0.4,0.6363636363636364,12117.90909090909,25409,1555,0.0,0.0,0.0,0.5454545454545454,0.0,1.0,0.0,1.0,0.0,0.0,GB-CHC-1017255,11,0.017263733937676218,0.12727093517360866,0.0,0.050287235529813006,0.0,0.04842816677623547,0.511216638531887,0.2636374612299106,74.54545454545455,100.0,79.1515972528865,GB-CHC-1017255,56.90255925405307,C,0.24553329005077962
108,578059d2370d935726735fef,0.0,0.27920792079207923,1787.7782178217822,1892,1724,0.0,0.0,1.0,1.0,1.0,1.0,0.0,1.0,0.0,0.0,GB-COH-03877777,505,0.0,0.0,0.0,0.09745763563480073,0.0,0.05310059705953023,0.4120691402109108,0.0,50.0,75.0,62.51666444503684,GB-COH-03877777,60.0,D,0.4373726270947581
109,578059e5370d935726735ff0,0.6666666666666666,1.0,6119.666666666667,13671,2317,0.0,0.0,0.0,0.0,0.0,1.0,0.6666666666666666,1.0,0.0,0.6666666666666666,NG-CAC-5938,3,0.10998092411216148,0.20811429251356817,0.0,0.011752371199375807,0.0,0.037154839531393154,0.21083558871577304,0.0,66.66666666666666,100.0,85.22382885608984,NG-CAC-5938,85.70215032443372,B,0.4221619839277283
110,578059f8370d935726735ff1,0.0,0.4117647058823529,8256.833556149733,143188,2592,0.0,0.0,0.0,1.0,0.0,1.0,0.0,1.0,0.0,0.0,GB-CHC-285776,1496,0.0,0.2634059175122047,0.0,0.03418675269655039,0.0,0.01789130423491834,0.3899360040520688,0.2113834507861294,70.0,75.0,79.5641360050769,GB-CHC-285776,92.01279918958623,C,0.29458002150425777
111,57805a0b370d935726735ff2,0.0,0.16666666666666666,1661.576923076923,1993,780,0.0,0.0,1.0,1.0,0.07692307692307693,1.0,0.0,1.0,0.07692307692307693,0.07692307692307693,GB-7,52,0.0,0.12347746508248406,0.0,0.1800271899170406,0.0,0.06197697269558051,0.20123274559539878,0.14905232903963142,57.69230769230768,75.0,64.6874598018913,GB-7,60.0,D,0.4332856267094961
112,57805a1f370d935726735ff3,0.0,0.0,7956.5,8818,7095,0.0,0.0,0.0,0.0,0.0,1.0,0.0,0.0,0.0,0.0,NL-KVK-34308169,2,0.03052184724978746,0.20124967013624992,0.0,0.05016340143511311,0.24470184073163181,0.009536454919313448,0.22037615736023328,0.00632132472354585,90.0,50.0,78.95146188218007,NL-KVK-34308169,90.0,C,0.24345062816767093
113,57805a32370d935726735ff4,0.375,0.08333333333333333,3605.4583333333335,5910,3307,0.0,0.0,0.0,0.0,0.0,0.9166666666666666,0.0,1.0,0.0,0.0,NL-KVK-27284008,24,0.07501962169275446,0.08145856417391596,0.006522309251076737,0.10400103787076008,0.0,0.036760137129795305,0.1380882213890333,0.31958163493704195,80.83333333333333,100.0,91.57810091740384,NL-KVK-27284008,92.8742048425548,A,0.5581501084926641
114,57805a46370d935726735ff5,0.3623015873015873,0.3918740074113288,3508.8530967599736,8853,1830,0.0,0.0,0.0,0.7222834472118139,0.0,1.0,1.0,1.0,0.0,0.16729116156050253,AU-5,9074,0.03247266682838923,0.17334892652461953,0.0,0.0,0.0,0.026220385549419935,0.23129191377644387,0.0,61.10425391227683,100.0,81.90816136438323,AU-5,79.95693120740395,B,0.5366661073211274
115,57805a5a370d935726735ff6,0.0,0.3559551028892122,4209.357895824721,8036,1785,0.0,0.0,0.014572137246796197,1.0,0.0,1.0,0.0,1.0,0.0,0.005580818520049607,FI-3,9676,0.0,0.11476577454768706,0.0,0.08311262376256232,0.0,0.02633125456791592,0.3177555437292936,0.1869666864563027,69.79847044233155,75.0,75.91671312489866,FI-3,82.42096528781653,C,0.4580348033925411
116,57805a6d370d935726735ff7,0.327683615819209,0.0,2467.4615384615386,4166,2052,0.0,0.0,0.0,0.027472527472527472,1.0,1.0,0.0,1.0,0.0,1.0,US-EIN-13-2702768,182,0.13158936635417903,0.0,0.0,0.057319464515128614,0.0,0.033819893677120856,0.0,0.0,59.72527472527473,75.0,65.29958764803328,US-EIN-13-2702768,60.0,D,0.7772712754535716
117,57805a80370d935726735ff8,0.2857142857142857,0.5714285714285714,7717.0,14876,5002,0.0,0.0,0.0,0.0,0.0,0.7142857142857143,0.0,0.7142857142857143,0.0,0.0,NL-KVK-52957535,7,0.05734617584876449,0.327155530403709,0.02534938469585853,0.05807566911394516,0.03719101989325783,0.014186714085352005,0.22170345993175508,0.0472841614043164,85.71428571428572,100.0,92.09947299072925,NL-KVK-52957535,90.0,A,0.2589920460273579
118,57805a93370d935726735ff9,0.0,0.28,3246.2,5513,2563,0.0,0.0,0.0,1.0,0.0,0.8,0.0,1.0,0.0,0.0,US-EIN-13-3287064,25,0.0,0.22159378720039644,0.012653328152170872,0.12579637361622992,0.0,0.04352632114948535,0.14662586894203058,0.22598326814583777,72.0,75.0,83.28465244769491,US-EIN-13-3287064,100.0,B,0.4498043209396867
119,57805aa7370d935726735ffa,0.5,1.0,20525.0,20745,20305,0.0,0.0,0.0,0.0,0.0,0.5,0.0,1.0,0.0,0.0,GB-CHC-328273,2,0.04746358690371924,0.022071015234117405,0.010366904703275056,0.024219244138362614,0.0,0.008802291922133,0.7942615295105866,0.4203943792056843,85.0,100.0,85.87782018658834,GB-CHC-328273,70.0,B,0.09281542758780614
120,57805aba370d935726735ffb,0.0,0.5,5007.5,6756,3259,0.0,0.0,0.0,0.0,0.0,1.0,0.0,1.0,0.0,0.0,GB-6,2,0.07862952635966784,0.034879886295654194,0.0,0.03790673220635446,0.0,0.025730313522638316,0.493219509992913,0.0,80.0,75.0,64.99827308128741,GB-6,25.481885931948533,D,0.32963403162277216
121,57805acd370d935726735ffc,0.3242156074014481,0.4243765084473049,2925.7771520514884,4322,1926,1.0,1.0,0.0,0.0,0.0,1.0,0.014481094127111826,0.2337087691069992,0.01327433628318584,0.0,41304,2486,0.0532799929255069,0.13774258569769482,0.0,0.03705989824443095,0.08822074632217668,0.04356489779988082,0.268231826665218,0.0,67.38535800482703,100.0,77.7620011604612,41304,60.0,C,0.3719000523450918
122,57805ae1370d935726735ffd,0.2413793103448276,0.5,9436.8,35652,1299,1.0,1.0,0.0,0.03333333333333333,0.0,1.0,0.0,1.0,0.0,0.06666666666666667,GB-CHC-220949,30,0.18428539118480378,0.10090761779927032,0.0,0.039267720942008706,0.0,0.016739503257509232,0.441483639353598,0.09909944122572403,59.0,100.0,68.075439088849,GB-CHC-220949,20.53767809219846,D,0.21731612746280993
123,57805af4370d935726735ffe,0.0,1.0,7741.5,9163,6320,0.0,0.0,0.0,0.0,0.0,0.0,0.0,1.0,0.0,0.0,GB-CHC-272465,2,0.12122344334741952,0.07017998223455091,0.03771221664730334,0.07958503309263867,0.0,0.019602216605859837,0.3998199020689979,0.1869761808496436,90.0,75.0,72.77174966422163,GB-CHC-272465,46.499275774751794,C,0.27187720600322973
124,57805b08370d935726735fff,0.36363636363636365,0.3181818181818182,4444.272727272727,8787,3295,0.0,0.0,0.0,0.0,0.0,0.0,0.0,1.0,0.0,0.0,GB-COH-01926828,22,0.07020522771024604,0.13144229538998226,0.1320086724318763,0.05171755295735742,0.0,0.028366341858665097,0.265717832860371,0.16442668949648656,90.0,100.0,93.45230512584125,GB-COH-01926828,90.0,A,0.32054207679150193
125,57805b1b370d935726736000,0.3076923076923077,0.5,7533.961538461538,60382,2245,0.0,0.9615384615384616,0.0,0.0,0.0,0.038461538461538464,0.0,1.0,0.0,0.23076923076923078,GB-CHC-328206,26,0.04888225112392824,0.11636203045645929,0.33443295242290544,0.029361236202598954,0.0,0.029094076079028475,0.2060635578580497,0.24339387711156346,77.6923076923077,100.0,93.15953104675908,GB-CHC-328206,100.0,A,0.23580389585702988
126,57805b2e370d935726736001,0.2555970149253731,0.1287313432835821,12889.047026816945,51758,1955,0.0,0.0,0.0,0.37504858142246406,0.0,0.9700738437621453,0.0,0.9654100272055965,0.0,0.37504858142246406,US-18,2573,0.013090476418231215,0.06911559974101555,0.004932182599667317,0.09097107060616799,0.0119507138512296,0.020631426945231002,0.39305675008226276,0.0,73.14418966187328,100.0,81.74456766687759,US-18,68.53065407423234,B,0.3962517797561944
127,57805b42370d935726736002,1.0,0.5,16965.5,19010,14921,0.0,0.0,0.0,0.0,0.0,0.0,0.0,1.0,0.0,0.0,GB-CHC-1089879,2,0.06420875880020536,0.017241836287279936,0.01938469662826358,0.024117414666568845,0.0,0.006329548139930091,0.7246283732938064,0.0,90.0,100.0,85.04900548115383,GB-CHC-1089879,60.0,B,0.1440893721839458
128,57805b55370d935726736003,0.0,0.3877551020408163,3243.704081632653,4463,2760,0.0,0.0,0.0,1.0,0.0,1.0,0.0,1.0,0.0,0.0,47135,98,0.0,0.10024035281954925,0.0,0.0610258951109043,0.0,0.04734124670341015,0.3417397849765803,0.0,70.0,75.0,75.41763897077955,47135,80.86074946338637,C,0.44965272038955584
129,57805b68370d935726736004,0.75,0.3333333333333333,11656.5,17653,3906,0.0,0.0,0.0,0.0,0.0,0.0,0.0,1.0,0.0,0.25,GB-CHC-1092236,8,0.031147678561733595,0.0993019857980939,0.13682954545801462,0.03264427583046535,0.0,0.030124120207648895,0.26695372979488236,0.21488275168371565,87.5,100.0,95.9761439933279,GB-CHC-1092236,99.88999272942227,A,0.4029986643491612
130,57805b7b370d935726736005,0.29411764705882354,0.5,8049.0,14875,5469,0.0,0.0,0.0,0.0,0.0,0.058823529411764705,0.0,0.0,0.0,0.058823529411764705,GB-OSCR-SC032327,17,0.05988629902880769,0.017049792132043155,0.038172528872882076,0.0928375083283754,0.12548343058229977,0.012598210181313078,0.2823413083566473,0.1018823924892637,98.8235294117647,100.0,95.94887009175444,GB-OSCR-SC032327,88.61414700969135,A,0.3716309225176315
131,57805b8f370d935726736006,0.0,0.2996845425867508,5950.356466876971,12780,4375,0.0,0.0,0.00473186119873817,1.0,0.0,1.0,0.0,1.0,0.0,0.0,,1268,0.0,0.1261593646650439,0.0,0.05241840837531517,0.0,0.02869140578375873,0.17038328245503198,0.24521010296695095,69.95268138801262,75.0,79.0564171163326,,90.72691788241178,C,0.6223475387208502
132,57805ba2370d935726736007,0.4022911051212938,0.4075942272663584,5128.520886160416,17489,3769,0.0,0.0,0.010810089416789003,0.8019484852529027,0.0002669157880688643,0.9363405845455759,0.0,1.0,0.0002669157880688643,0.04751101027625784,XI-IATI-EC_NEAR,7493,0.016951517492317367,0.046774592678005794,0.013503789490806177,0.10107591217186233,0.0,0.024471708524466087,0.12657057123295043,0.21901155931585345,72.02855998932336,100.0,87.62608159609381,XI-IATI-EC_NEAR,88.58260028651404,B,0.6706519084095919
133,57805bb5370d935726736008,0.35714285714285715,0.13432835820895522,91794.55714285714,459671,13707,0.0,0.0,0.0,0.0,0.0,1.0,0.0,0.4,0.0,0.04285714285714286,NL-KVK-41149287,70,0.008959214573926526,0.014497424508634652,0.0,0.01833097328364749,0.14444227671948365,0.0033509406865955835,0.6057955279429978,0.0,85.57142857142857,100.0,83.51141516334778,NL-KVK-41149287,60.0,B,0.2046236422847143
134,57805bc7370d935726736009,0.41836734693877553,0.4646892655367232,5231.320621468926,8310,4157,0.0,0.0,0.0,0.8615819209039548,0.0,1.0,0.0,1.0,0.0,0.0,XI-IATI-EC_FPI,708,0.010856883687647033,0.0567764577669776,0.0,0.10509851777229268,0.0,0.025211431699371387,0.1336378862321339,0.32536155699802266,71.38418079096046,100.0,87.4927124703769,XI-IATI-EC_FPI,88.70864072386416,B,0.6684188228415774
135,57805bda370d93572673600a,0.4256198347107438,0.4588477366255144,5166.061728395061,100240,2517,0.0,0.0,0.1522633744855967,0.00411522633744856,0.0,0.0,0.09876543209876543,1.0,0.0,0.0,GB-CHC-27446721,486,0.08596893287975148,0.015862661952458577,0.08954400412571455,0.09578498326215365,0.0,0.014014392242608883,0.25894598588063444,0.5595564926061284,87.44855967078189,100.0,93.13658710731131,GB-CHC-27446721,91.52060415829357,A,0.4398790396566785
136,57805bed370d93572673600b,0.0,0.1875,4369.1875,4643,3771,0.0,0.0,1.0,1.0,0.0,1.0,0.0,1.0,0.0,0.0,XM-OCHA-CERF,16,0.0,0.029209465266777875,0.0,0.06523182257963703,0.0,0.022530686155231888,0.4156609118873884,0.7550876349300948,60.0,75.0,62.13844940709365,XM-OCHA-CERF,48.56501502268699,D,0.46736711411096477
137,57805bff370d93572673600c,0.0,0.2823529411764706,3422.9529411764706,5605,2960,0.0,0.0,0.0,1.0,0.0,0.0,0.0,1.0,0.0,0.0,XI-IATI-EBRD,170,0.0,0.13463335298826795,0.16497185863994848,0.07357034270059466,0.0,0.025961797710766555,0.12919644361044477,0.15142919453566528,80.0,75.0,81.90441583537077,XI-IATI-EBRD,90.0,B,0.4716662043499775
138,57805c12370d93572673600d,0.5951393005334914,0.30867987719787887,6064.639508928572,9544,3320,0.0,0.0,0.0,0.05859375,0.0,1.0,0.0,1.0,0.0,0.00027901785714285713,XI-IATI-EC_ECHO,3584,0.0823788824850906,0.1268069893240979,0.0,0.09047270321137714,0.0,0.027264054054796195,0.26797087622022703,0.6916332216852645,79.41127232142857,100.0,91.67800437994038,XI-IATI-EC_ECHO,94.3844229179636,A,0.4051064947044112
139,57805c26370d93572673600e,0.4226982680036463,0.42999179056827513,9209.728122828079,327116,2125,0.0,0.0,0.0,0.3068806469956404,0.0,0.8454539710621091,0.0,1.0,0.0,0.30732292917166865,GB-GOV-1,15827,0.07552145124501439,0.03417983530840968,0.042710034541898846,0.06421306559847494,0.0,0.02079213656605156,0.2061161285358774,0.6868895957884578,75.40342452770582,100.0,87.77681467247868,GB-GOV-1,86.18950720148351,B,0.5564673482042735
140,57805c39370d93572673600f,0.3540772532188841,0.5566907051282052,4664.357901061486,23962,2742,0.0,0.0,0.0,0.720008011215702,0.0,1.0,0.0,1.0,0.0,0.0002002803925495694,DAC-1601,4993,0.021405100143503466,0.04380479767954404,0.0,0.08533196524821562,0.0,0.016476838540464552,0.37916622086301466,0.03375075075460604,72.79791708391748,100.0,80.52528569248261,DAC-1601,64.4470959455188,B,0.4538150775252576
141,57805c4d370d935726736010,0.35,0.4576271186440678,3658.5666666666666,6477,2280,0.0,0.0,0.11666666666666667,0.0,0.0,0.11666666666666667,0.0,1.0,0.0,0.0,NL-KVK-27264198,60,0.0790121700867123,0.04963618521236965,0.0766128005140452,0.08703333427809377,0.0,0.029663959965259005,0.347098681473055,0.267505094115755,87.66666666666666,100.0,89.32692391583149,NL-KVK-27264198,79.07245768502331,B,0.33094286847046517
142,57805c62370d935726736011,1.0,0.0,4363.0,4423,4303,0.0,0.0,0.0,0.0,0.0,1.0,0.0,1.0,0.0,0.0,ZA-NPO-TBD,2,0.1866041647696592,0.1020011697037789,0.0,0.06304194755731729,0.0,0.024937094663251468,0.1545100823768431,0.1925289598537347,80.0,75.0,78.02924099831715,ZA-NPO-TBD,78.99802119243476,C,0.46890554092914993
143,57805c76370d935726736012,0.0,0.3172655565293602,2305.3882559158633,9144,2166,0.0,0.0,0.0,1.0,0.0,1.0,0.0,1.0,0.0,0.0,GB-CHC-274467,1141,0.0,0.03251670608077306,0.0,0.11410305221197115,0.0,0.026053897097869053,0.3660879679129864,0.23152820719812617,70.0,75.0,71.70541588099651,GB-CHC-274467,70.0,C,0.46123837669640033
144,57805c8b370d935726736013,0.0,0.3333333333333333,3956.6666666666665,4486,2999,0.0,0.0,0.0,0.0,0.0,1.0,0.0,1.0,0.0,0.0,GB-SC-044007,3,0.065137635190563,0.07196357916900856,0.0,0.04490269179505032,0.0,0.02978721495491451,0.48906614314481844,0.16279438654256567,80.0,75.0,66.2548189103501,GB-SC-044007,33.82459292482104,D,0.2991427357456451
145,57805ca3370d935726736014,0.3468092215168727,0.456444218033622,5964.16276107998,33772,3296,0.0,0.0,0.0,0.23764645950076413,0.0,0.0,0.0,1.0,0.0,0.0,NO-BRC-971277882,3926,0.0480016561962363,0.05266715024606343,0.0692572984176746,0.08572299432170022,0.0,0.020312260744205918,0.3344371024877251,0.22969483283788403,87.62353540499235,100.0,91.51865485793819,NO-BRC-971277882,86.30821863617213,A,0.38960153758639426
146,57805cb9370d935726736015,0.3333333333333333,0.0,18842.333333333332,37583,8043,0.0,0.6666666666666666,0.0,0.0,0.0,0.6666666666666666,0.0,1.0,0.0,0.0,GB-COH-1762840,3,0.03360213283453626,0.06709365619563597,0.014838269075557213,0.03060160396286174,0.0,0.00981918684284247,0.7090221832215678,0.13636507305104395,76.66666666666666,75.0,70.95251411514083,GB-COH-1762840,60.0,C,0.13502296786699852
147,57805ccd370d935726736016,0.5,0.5,14447.6,21291,7057,0.0,0.0,0.0,0.2,0.0,0.2,0.0,0.4,0.0,0.2,MW-CNM-21,5,0.024146448427259003,0.2867156219213981,0.05247373345000084,0.0288937619688996,0.05866319288472055,0.010292511381183412,0.2889884351169486,0.20734603322784512,90.0,100.0,87.55950357709132,MW-CNM-21,70.0,B,0.24982629484958996
148,57805ce3370d935726736017,0.0,0.45,2131.675,2755,1859,0.0,0.0,0.0,1.0,0.0,1.0,0.0,1.0,0.0,0.0,41108,80,0.0,0.026228970819593588,0.0,0.12604305434983926,0.0,0.04804797539599776,0.27883731330948003,0.05658041300756071,70.0,75.0,68.61729616746301,41108,60.0,D,0.5208426861250894
149,57805cf6370d935726736018,0.5,0.375,4626.375,9831,3068,0.0,0.0,0.0,0.0,0.0,0.0,0.0,1.0,0.0,0.0,GB-COH-1102208,8,0.03817724503955055,0.061285404975592726,0.04236963036431607,0.06030466836448155,0.0,0.02889841567508824,0.3458563542266266,0.27929099362501303,90.0,100.0,91.10945913408858,GB-COH-1102208,82.47909208471242,A,0.4231082813543443
150,57805d0a370d935726736019,0.0,0.20966350301984468,11879.059534081105,43174,4752,0.0,0.0,0.0,1.0,0.0,0.0,0.0,1.0,0.0,0.0,46004,1159,0.0,0.08375676580673883,0.15647055213154024,0.03859421300418515,0.0,0.008964224962094328,0.36137223262501555,0.15030280803591425,80.0,75.0,80.63904005995381,46004,86.50412906545274,B,0.35084201147042593
151,57805d1d370d93572673601a,0.0,0.3333333333333333,1050.6019900497513,1434,825,0.0,0.0,0.6417910447761194,1.0,0.5870646766169154,1.0,0.0,1.0,0.0,0.0,GB-COH-1081247    ,201,0.0,0.05097437444413529,0.0,0.09815714762057381,0.0,0.07179140411767122,0.18270324691564416,0.23190969790780763,57.711442786069654,75.0,67.95981809974134,GB-COH-1081247    ,70.0,D,0.5963738269019758
152,57805d31370d93572673601b,0.3283582089552239,0.5806451612903226,2406.955223880597,4491,1478,0.0,0.0,0.0,0.0,0.0,1.0,0.0,1.0,0.0,0.5373134328358209,GB-1-202615,67,0.06384677619093064,0.1444047291391023,0.0,0.12892366013157344,0.0,0.03490391359023396,0.18984323419773905,0.11799619729610547,74.6268656716418,100.0,79.93574311068707,GB-1-202615,60.0,C,0.4380776867504206
153,57805d45370d93572673601c,0.0,0.5,9525.5,11554,7497,0.0,0.0,0.0,0.0,0.0,0.5,0.0,1.0,0.0,0.0,GB-CHC-313139,2,0.02925159446964984,0.06185454390630524,0.02994633893024061,0.019177776701817993,0.0,0.015365034710439481,0.6995480322415736,0.19284903483411295,85.0,75.0,65.47205281592183,GB-CHC-313139,-3.125555917364366,D,0.14485667903997324
154,57805d59370d93572673601d,0.8,0.8,2969.6,3021,2947,0.0,0.0,0.0,0.0,0.0,1.0,0.0,1.0,0.0,0.0,GB-GOV-8,10,0.10146428454176645,0.022950860244189387,0.0,0.04781963151109096,0.0,0.022950860244189387,0.41043768085447807,1.0000000000000002,80.0,100.0,79.37253933193772,GB-GOV-8,50.0,C,0.3943766826042857
155,57805d6d370d93572673601e,0.0,0.35901245856669334,3863.181963652989,6356,2870,0.0,0.0,0.0,1.0,0.15624642816321865,1.0,0.0,1.0,0.0,0.0,CH-4,8749,0.0,0.09084045152076556,0.0,0.06573834760344119,0.0,0.02279680191888782,0.21393990919327083,0.0,68.43753571836781,75.0,73.8984879642692,CH-4,77.93756010430945,C,0.6066844897636343
156,57805d80370d93572673601f,0.0,0.0,3329.6666666666665,3789,2447,0.0,0.0,0.0,1.0,0.0,1.0,0.0,1.0,0.0,1.0,NL-KVK-40530953,3,0.0,0.23595627462412805,0.0,0.15870915147192613,0.0,0.027408924325155307,0.0,0.14455793278199136,60.0,50.0,68.79922480183431,NL-KVK-40530953,90.0,D,0.5779256495787906
157,57805d95370d935726736020,0.4,0.6,88813.18181818182,361690,16953,0.0,0.0,0.0,0.09090909090909091,0.0,0.0,0.0,0.18181818181818182,0.0,0.09090909090909091,XM-DAC-47086,11,0.019396096180476413,0.02490686075244057,0.025839380872981543,0.015107845353876133,0.16552985074585472,0.002611320971273125,0.562043761945247,0.1809477746087308,96.36363636363637,100.0,87.34214411005176,XM-DAC-47086,60.0,B,0.18456488317785058
158,57805dab370d935726736021,0.29535864978902954,0.2869198312236287,3084.26582278481,3720,2890,0.0,0.0,0.0,0.0,0.17721518987341772,0.0,0.0,1.0,0.0,0.0,US-IRS-95-3202116,237,0.08627366630018896,0.03326559916267657,0.025959228957210492,0.10273648521684704,0.0,0.0325018689419615,0.17036558878307131,0.2545532757948762,88.22784810126582,100.0,92.70885794626341,US-IRS-95-3202116,89.44631822786957,A,0.5488975626380441
159,57805dbf370d935726736022,0.0,0.35294117647058826,873.3680781758958,2292,711,0.0,0.0,0.0,1.0,0.8892508143322475,1.0,0.0,1.0,0.8892508143322475,0.8892508143322475,NO-BRC-977538319,307,0.0,0.004383260848625595,0.0,0.18022109066582795,0.0,0.0042200444506983485,0.03639131219914066,0.5985484738340212,43.32247557003258,75.0,64.2957668111882,NO-BRC-977538319,70.0,D,0.7747842918357075
160,57805dd3370d935726736023,0.0,0.2993421052631579,1258.5576323987539,1430,476,0.0,0.0,1.0,1.0,1.0,1.0,0.0529595015576324,1.0,0.0529595015576324,0.0529595015576324,GB-2,321,0.0,0.0,0.0,0.09756465151144672,0.0,0.09106742451145157,0.28019650039544625,0.0,48.411214953271035,75.0,62.09843189982555,GB-2,60.0,D,0.5311714235816555
161,57805de7370d935726736024,1.0,0.0,5010.0,5062,4958,0.0,0.0,0.0,0.0,0.0,1.0,0.0,1.0,0.0,0.0,GH-DSW-TBD,2,0.2672942643133176,0.08964077388745828,0.0,0.054097644233688624,0.0,0.020462322067197728,0.1337469433083815,0.12661341180210417,80.0,75.0,73.95721006608937,GH-DSW-TBD,66.21183249449464,C,0.43475805218995656
162,57805dfa370d935726736025,0.2712886209495102,0.3624733475479744,11637.242424242424,37437,4390,0.0,0.0,0.0,0.06483439041578576,0.0007047216349541931,1.0,0.0,0.017618040873854827,0.0,0.008456659619450317,NL-KVK-41160054,1419,0.020791592039981325,0.4005591340500652,0.0,0.03675319989304272,0.12842630474301725,0.007445413643847595,0.17421378654410505,0.0,89.08386187455955,100.0,93.15924439096317,NL-KVK-41160054,90.0,A,0.2318105690859409
163,57805e0f370d935726736026,0.24550783126741615,0.4123186316902085,24160.751129047756,170381,7135,0.0,0.0,0.0,0.0,0.0,0.0,0.0,0.0,0.0,0.0,41122,10407,0.024757842735369795,0.0264046254292914,0.1382238200451274,0.03927427444508976,0.10939896384427472,0.0127849294377416,0.39592038571342736,0.0,100.0,100.0,88.69423130433381,41122,60.0,B,0.2532351583496779
164,57805e25370d935726736027,0.0,0.2903016120644826,4409.363278101209,82297,2190,1.0,0.0,0.0,1.0,0.0,0.5472458575906852,0.0,0.0,0.0,0.3110613524406628,US-EIN-13-3287064NAM,11165,0.0,0.14152606051109137,0.021356640873450992,0.05262233407798298,0.09596758721140042,0.029378588413267286,0.07971077022161414,0.22458251051512473,71.41692789968651,75.0,83.11714141424945,US-EIN-13-3287064NAM,100.0,B,0.5794380186911927
165,57805e39370d935726736028,0.0,0.3877551020408163,3461.8469387755104,4217,2842,0.0,0.0,0.0,1.0,0.0,1.0,0.0,1.0,0.0,0.0,47134,98,0.0,0.09864854973586057,0.0,0.05924681042909149,0.0,0.037813064078061016,0.3803221573905265,0.0,70.0,75.0,72.86561248899932,47134,73.506410946196,C,0.4239694183664604
166,57805e4e370d935726736029,0.29996657754010697,0.39371657754010697,12451.179478609625,38903,5461,0.0,1.0,0.0,0.0,0.0,0.11146390374331551,0.0,0.3362299465240642,0.0,0.0,41119,5984,0.023710833562552016,0.03865114631122272,0.1266155311858536,0.03481511283935995,0.231229325036652,0.012399614116602878,0.25426629930212413,0.6438934087195227,85.52306149732621,100.0,95.41871592770369,41119,100.0,A,0.2783121376456328
167,57805e62370d93572673602a,0.5,0.25,3173.75,3407,2977,0.0,0.0,0.0,0.5,0.0,1.0,1.0,1.0,0.0,0.0,US-AGO-941191246,4,0.0379329465086221,0.17280588767548433,0.0,0.0,0.0,0.028081863226617286,0.1902096183231598,0.0,65.0,100.0,82.94418182418477,US-AGO-941191246,80.08877509021016,B,0.5709696842661165
168,57805e78370d93572673602b,0.19801980198019803,0.2494033412887828,7495.567147613762,18547,2060,0.025527192008879023,0.07769145394006659,0.0,0.8879023307436182,0.0,0.946725860155383,0.0,0.39178690344062156,0.0,0.06992230854605994,NL-KVK-27378529,901,0.006877183205921701,0.17967746450820488,0.004428601339425285,0.09942070555387038,0.17226646974601026,0.024682152795454677,0.25327958204972034,0.0,76.00443951165371,100.0,89.21262023107238,NL-KVK-27378529,90.0,B,0.2593678408013924
169,57805e8f370d93572673602c,0.0,0.44385026737967914,2591.1711229946523,2858,2453,0.0,0.0,0.0,1.0,0.0,1.0,0.0,1.0,0.0,0.0,GB-COH-RC000346,187,0.0,0.02191877148651326,0.0,0.15500262085033098,0.0,0.05063695936590655,0.411568566836102,0.0029059921384690037,70.0,75.0,68.61729616746301,GB-COH-RC000346,60.0,D,0.36087308146114716
170,57805ea4370d93572673602d,0.5,0.0,21647.0,32810,10484,0.0,0.0,0.0,0.0,0.0,0.5,0.0,1.0,0.0,0.0,GB-CHC-1050327,2,0.015595038595844109,0.03564096335357133,0.04750095383441435,0.033950664695544544,0.0,0.013544294605000918,0.6981511601661539,0.0,85.0,75.0,74.04953297174353,GB-CHC-1050327,60.0,C,0.15561692474947086
171,57805eba370d93572673602e,0.5555555555555556,0.5,4324.222222222223,7667,3074,0.0,0.0,0.0,0.0,0.0,0.7777777777777778,0.0,1.0,0.0,0.7777777777777778,NL-KVK-41180885,9,0.1234994242884006,0.11188955799192096,0.011427577632121705,0.08673187732132343,0.0,0.025803414573613903,0.02617743042383462,0.22512498535651707,74.44444444444446,100.0,90.00032031345528,NL-KVK-41180885,93.585242751898,A,0.6144707177687847
172,57805ecf370d93572673602f,0.2,0.375,18772.5,42198,7031,0.0,0.75,0.0,0.16666666666666666,0.0,0.3333333333333333,0.0,1.0,0.0,0.0,NL-CCI-20081098 ,12,0.028743777319668182,0.020363939423731596,0.012354377359547628,0.01805797028832306,0.0,0.012947689406098936,0.8271855352746257,0.5292685677585189,77.5,100.0,83.47903928532,NL-CCI-20081098 ,70.0,B,0.08034671092800494
173,57805ee3370d935726736030,0.36363636363636365,1.0,3255.2727272727275,5793,2816,0.0,0.0,0.0,0.0,0.0,1.0,0.0,1.0,0.0,0.9545454545454546,NL-KVK-41158230,22,0.09019350559929468,0.12722852418040748,0.0,0.11691237222695992,0.0,0.04634925849650322,0.0023931704408141487,0.0,70.45454545454545,100.0,87.35668288691255,NL-KVK-41158230,89.04901549038706,B,0.6169231690560204
174,57805ef9370d935726736031,0.3333333333333333,0.25,4366.083333333333,7882,3410,0.0,0.0,0.0,0.75,0.0,1.0,0.0,1.0,0.0,0.0,NL-KVK-32108345,12,0.013216223965536728,0.1882913847708391,0.0,0.0849325086896379,0.0,0.023973967812606245,0.2444854121441106,0.023694416169280405,72.5,100.0,88.1398321281397,NL-KVK-32108345,89.71978612730832,B,0.4451005026172693
175,57805f0d370d935726736032,0.14285714285714285,0.42857142857142855,14597.57142857143,31656,8744,0.0,0.0,0.0,0.0,0.0,0.14285714285714285,0.0,1.0,0.0,0.0,GB-CHC-1068839,7,0.0501816974666288,0.0340799986670866,0.023315907474536244,0.044671538254722046,0.0,0.01218924483773491,0.6643315330804713,0.19726907268305577,88.57142857142857,100.0,84.54761569510929,GB-CHC-1068839,60.0,B,0.17123008021882014
176,57805f22370d935726736033,0.0,0.0,2270.6,3854,2045,0.0,0.0,0.0,1.0,0.0,1.0,0.0,1.0,0.0,1.0,NL-KVK-41202535,25,0.0,0.0927203630526952,0.0,0.09853574199058734,0.0,0.06603864004662416,0.0,0.0,60.0,50.0,56.86240703077327,NL-KVK-41202535,60.0,F,0.7427052549100933
177,57805f35370d935726736034,0.2857142857142857,0.0,2722.0,3423,2307,0.0,0.0,0.0,0.0,0.0,0.8571428571428571,0.0,1.0,0.0,0.8571428571428571,GB-COH-2732176,7,0.09152630675625983,0.13602426979482765,0.012436876591127247,0.23809667310523505,0.0,0.05596992191202009,0.03597512624681775,0.0,72.85714285714286,75.0,69.60163615247878,GB-COH-2732176,60.0,D,0.42997082559371236
178,57805f49370d935726736035,0.395889996977939,0.4102058077248379,11792.113053284465,44366,4988,0.0,1.0,0.0,0.0670989568649563,0.0,0.0,0.0,0.3202706512545813,0.0,0.0,CA-3,3547,0.04577197013666819,0.20299983227615215,0.09025113669863606,0.07188184571933658,0.11770957604153492,0.02590647879328572,0.11558400060935804,0.0,86.12630391880462,100.0,92.22750895966327,CA-3,90.0,A,0.32989515972502836
179,57805f5d370d935726736036,0.0,0.0,60898.0,60898,60898,0.0,0.0,0.0,0.0,0.0,0.0,0.0,1.0,0.0,0.0,GB-CHC-290836,3,0.016240270616440605,0.009113599789812474,0.012529147098426877,0.005517422575454037,0.0,0.0034812309107031428,0.9261552103517356,0.4537661257050367,90.0,50.0,71.87952884282609,GB-CHC-290836,70.0,C,0.026963118657427176
180,57805f71370d935726736037,0.2727272727272727,0.09090909090909091,3699.090909090909,5752,2463,0.0,0.0,0.0,0.0,0.0,1.0,0.0,1.0,0.0,0.0,ZA-ROC-1999/05072/08,11,0.0690777160423772,0.03517071206936188,0.0,0.05073291481554331,0.0,0.04431917206672569,0.45439043757126657,0.0,80.0,100.0,77.1774693965874,ZA-ROC-1999/05072/08,38.32864917243434,C,0.34630904743472524
181,57805f85370d935726736038,0.30113428466886205,0.40022296544035674,15536.084960231381,290667,2027,0.0,0.0,0.0,0.01193058568329718,0.0,0.0,0.0,0.035430224150397684,0.0,0.027114967462039046,NL-KVK-27108436,2766,0.02030543520663046,0.09923893521817972,0.027796702676694762,0.12171194569815985,0.2733435841640822,0.007673388991533939,0.2331708809027013,0.10721977516254515,99.25524222704267,100.0,88.41493672743484,NL-KVK-27108436,60.0,B,0.21675912714201773
182,57805f99370d935726736039,0.0,0.0,21857.5,22778,20937,0.0,0.5,0.0,0.0,0.0,0.0,0.0,1.0,0.0,0.0,GB-CHC-1001349,2,0.03621309680791137,0.038183836198500964,0.041212810732956906,0.015035602020743062,0.0,0.008585793379788148,0.7669965364821599,0.26369359017203836,85.0,50.0,69.82120021884471,GB-CHC-1001349,70.0,D,0.09377232437793959
183,57805fad370d93572673603a,0.05812417437252312,0.2655217965653897,6147.757595772788,17204,3727,0.0,0.0,0.0,0.0,0.2965653896961691,0.4346103038309115,0.0,1.0,0.0,0.0,BE-10,1514,0.1998424616021293,0.20773285943654285,0.06729470913955475,0.05555129635937249,0.0,0.0237399802412917,0.136614966004338,0.20052175383874357,82.68824306472919,100.0,94.5821433836425,BE-10,100.0,A,0.30922372721677094
184,57805fc5370d93572673603b,0.0737557162103186,0.4203226333860156,8591.45627961928,172408,2045,0.0,0.0,0.0,0.30040753474665144,0.0,0.8358842973012438,0.0,0.974074418234193,0.0,0.025686636311744167,SE-0,75331,0.10186908236911314,0.07780826839895662,0.06844014877499675,0.05950127843537091,0.0038007143383126715,0.023574930868926557,0.07009944341169708,0.3519450334087326,78.63947113406168,100.0,91.0885932064405,SE-0,93.31253408165635,A,0.5949061334026263
185,57805fd8370d93572673603c,0.3673469387755102,0.38636363636363635,17353.20408163265,85589,5228,0.0,0.16326530612244897,0.0,0.0,0.0,0.0,0.0,0.0,0.0,0.10204081632653061,NL-KVK-27327087,49,0.05252850329896429,0.3026615894342748,0.05511525176920416,0.02782445500207348,0.24774955405977067,0.006047674545905783,0.1088438896356438,0.10344566374198515,97.34693877551021,100.0,87.70485826331199,NL-KVK-27327087,60.0,B,0.19922908225416303
186,57805fec370d93572673603d,1.0,1.0,2572.6705202312137,3304,2164,0.0,0.0,0.0,0.0,0.15606936416184972,1.0,0.0,1.0,0.0,0.0,NL-KVK-34229026,173,0.1250247915986739,0.12786549062724678,0.0,0.09676487042078617,0.0,0.027028303033650575,0.1289440640625822,0.14620676159517584,78.4393063583815,100.0,81.14333980059408,NL-KVK-34229026,60.0,B,0.4943724802570604
187,57806000370d93572673603e,0.0,0.4,10331.4,33321,4264,0.0,0.0,0.0,0.0,0.0,1.0,0.0,1.0,0.0,0.0,XI-IATI-SOL-SAM,5,0.052108352965795156,0.1206017812819598,0.0,0.043725621625182245,0.0,0.022937240999381887,0.3671012865210662,0.3101852943382538,80.0,75.0,76.66527637684352,XI-IATI-SOL-SAM,74.88453649328012,C,0.39352571660661473
188,57806016370d93572673603f,0.08069068570479827,0.4207205711439482,10332.095301344845,182275,5800,0.0,0.0,0.0,0.0,0.0,0.0,0.0,1.0,0.0,0.0,XM-DAC-7,6023,0.15730876107178238,0.015300388549961687,0.04340645910275385,0.0742076650083636,0.0,0.009160922208538487,0.2956072353068667,0.29110922305541315,90.0,100.0,85.92255655784714,XM-DAC-7,63.624344211231936,B,0.4050085687517333
189,5780602a370d935726736040,1.0,0.3333333333333333,4167.333333333333,4288,4088,0.0,0.0,0.0,0.0,0.0,0.0,0.0,1.0,0.0,0.0,GB-COH-01245534,3,0.10071187663341148,0.09469484462067097,0.06294746773194877,0.08332127239929299,0.0,0.03910155427926706,0.2808293393826047,0.0,90.0,100.0,90.87465256303423,GB-COH-01245534,81.69827069991474,A,0.338393644952804
190,5780603e370d935726736041,0.0,0.5,14666.25,30201,2461,0.0,0.0,0.0,0.0,0.0,0.25,0.0,1.0,0.0,0.0,GB-CHC-208724,4,0.06876383649743187,0.02287459893901339,0.05963313894984583,0.02907268371299457,0.0,0.026552314010477786,0.5208337252186049,0.0,87.5,75.0,75.01388760311875,GB-CHC-208724,60.0,C,0.27226970267163164
191,57806052370d935726736042,0.39622641509433965,0.47058823529411764,13587.30625,229121,1645,0.0,0.0,0.0,0.66875,0.66875,0.66875,0.66875,1.0,0.0,0.04375,GB-CHC-1099776,160,0.014252623068467887,0.02451482363831942,0.012373032013786502,0.010724724675291633,0.0,0.014899138599130727,0.6515879065065845,0.0,62.8125,100.0,76.47529046746624,GB-CHC-1099776,60.0,C,0.27164775149841935
192,57806066370d935726736043,0.18181818181818182,0.5,25118.30769230769,57680,1102,0.0,0.0,0.0,0.15384615384615385,0.07692307692307693,0.6923076923076923,0.0,1.0,0.07692307692307693,0.07692307692307693,GB-COH-06368740,13,0.04126274775201366,0.011440099790254416,0.00335281534431865,0.027453861676743636,0.0,0.0038538501375708217,0.7720615472605304,0.2510355431929505,79.23076923076923,100.0,84.01887643638861,GB-COH-06368740,70.0,B,0.1405750780385684
193,5780607c370d935726736044,0.38828074694140374,0.44776078495861427,5329.039709649872,71327,3525,0.0,0.0,0.0002935525192143467,0.9171114432109309,0.024498292058070026,1.0,0.0,1.0,0.0001601195559350982,0.026312980358667807,XI-IATI-EC_DEVCO,37472,0.006657715471960663,0.03581616307421532,0.0,0.09025136749059687,0.0,0.02408463166617805,0.17867054340639324,0.2527408505551053,70.31623612297183,100.0,85.96890920939929,XI-IATI-EC_DEVCO,85.01521622309903,B,0.6645195788906557
194,57806090370d935726736045,0.0,0.0784313725490196,38123.0,141267,1477,0.0,0.0,0.0,1.0,1.0,0.0,0.0,1.0,0.03773584905660377,0.03773584905660377,GB-CHC-313757,53,0.0,0.0,0.018595943983454474,0.018949192102465276,0.0,0.0032204161567910565,0.8361567958370573,0.0,69.24528301886792,75.0,68.36156137373086,GB-CHC-313757,60.0,D,0.1230776519202319
195,578060a4370d935726736046,0.3333333333333333,0.3333333333333333,3985.6666666666665,5483,2785,0.0,0.0,0.5,0.5,0.3333333333333333,1.0,0.0,1.0,0.0,0.0,CA-CRA-89980-1815-RR0001,6,0.03581477992041112,0.056772004124379216,0.0,0.05315891018003591,0.0,0.01930730923134547,0.5330661894667212,0.039023996894110326,66.66666666666667,100.0,71.40034708185503,CA-CRA-89980-1815-RR0001,29.147628476149578,C,0.30188080707710707
196,578060b9370d935726736047,0.0,0.3456973293768546,7900.929927007299,33711,2674,0.0,1.0,0.0,1.0,0.0,1.0,0.0,0.0,0.0,0.016058394160583942,NL-KVK-41048542,685,0.0,0.3245167989736445,0.0,0.01506665376237784,0.3482411759259767,0.016157018052075766,0.07076229724655721,0.0,69.83941605839416,75.0,78.7454634362672,NL-KVK-41048542,90.0,C,0.22525605603936794
197,578060ce370d935726736048,0.4946236559139785,0.4021516393442623,8543.308913934427,167987,2276,0.0,0.0,0.0,0.9761782786885246,0.0,0.6711065573770492,0.0,0.8442622950819673,0.0,0.0,46002,3904,0.002569191433704737,0.07728634068230424,0.039931058691380195,0.05387452155017712,0.019666648383813424,0.031730065314481956,0.42383610335261934,0.16663860723390964,75.08452868852459,100.0,81.8990705860801,46002,66.96780450495088,B,0.351106070591519
198,578060e2370d935726736049,0.4782608695652174,0.4782608695652174,15837.739130434782,31264,3785,0.0,0.0,0.17391304347826086,0.0,0.0,0.30434782608695654,0.0,1.0,0.0,0.0,GB-COH-294860,23,0.063319991072444,0.018673650844607894,0.009682538375726116,0.10493573502391658,0.0,0.006427562382196222,0.6667327775215145,0.03382646337313636,85.21739130434783,100.0,83.39065451379696,GB-COH-294860,60.0,B,0.13022774477959476
199,578060f6370d93572673604a,0.56,0.47058823529411764,4689.473684210527,6895,2029,0.0,0.0,0.07894736842105263,0.34210526315789475,0.0,1.0,0.0,1.0,0.0,0.5526315789473685,NL-KvK-30214009,38,0.041635439766836264,0.32557944768487707,0.0,0.09570737100031633,0.0,0.018196180626371156,0.04537416959935537,0.15145157552682817,70.26315789473685,100.0,87.62973497875541,NL-KvK-30214009,90.0,B,0.47350739132224384
200,5780610a370d93572673604b,1.0,0.6666666666666666,10943.333333333334,20242,4964,0.0,0.3333333333333333,0.0,0.3333333333333333,0.0,0.3333333333333333,0.0,1.0,0.0,0.0,GB-CHC-1141028,3,0.05032412288400249,0.05671964237641367,0.019047550176270415,0.0391735962499365,0.0,0.016690169930927447,0.601910096733563,0.4667912061377454,80.00000000000001,100.0,75.09111821125205,GB-CHC-1141028,22.716251949841713,C,0.21613482164888653
201,5780611e370d93572673604c,1.0,1.0,49015.5,87919,10112,0.0,0.0,0.0,0.0,0.0,0.5,0.0,1.0,0.0,0.0,GB-CHC-327421,2,0.01863910651864396,0.025248428150782057,0.0018027957551837487,0.013484065309827039,0.0,0.006248856290477958,0.7493352604583822,0.17817860528506607,85.0,100.0,83.31666499966659,GB-CHC-327421,60.0,B,0.185241487516703
202,57806136370d93572673604d,0.269149632647123,0.33275170127377424,3497.117083420887,176100,2223,0.0,0.0,0.0,0.4222735868880017,0.0,1.0,0.0,1.0,0.0,0.277453246480353,XM-OCHA-FTS,23795,0.07337312911429696,0.09347404831050875,0.0,0.07971184897529703,0.0,0.053531956896640365,0.18629615085514836,0.5729139800395822,73.00273166631645,100.0,89.28877989114753,XM-OCHA-FTS,92.67178541824461,B,0.5136128658481085
203,5780614c370d93572673604e,0.0,0.0,9475.5,17492,1459,0.0,0.0,0.0,1.0,1.0,0.0,0.0,1.0,0.5,0.5,MZ-MOJ-F30G1No89,2,0.0,0.0,0.03499092976136981,0.0840253693963221,0.0,0.0015149782757832152,0.43860050308712556,0.0,60.0,50.0,54.93049498128285,MZ-MOJ-F30G1No89,54.3330271259224,F,0.44086821947939936
204,57806161370d93572673604f,0.0,0.390552945739775,3185.062050248777,1497772,778,0.0,0.0,0.2664994448784901,1.0,1.0,1.0,0.0,1.0,0.0,0.04589004482092191,US-501c3-522318905,24319,0.0,0.0,0.0,0.05781658473778227,0.0,0.054746250600494074,0.2382581513261186,0.0,56.876105103005884,75.0,68.15998159903265,US-501c3-522318905,71.25628353382764,D,0.649179013335605
205,57806176370d935726736050,0.5,0.0,3540.0,4046,3034,0.0,0.0,0.0,0.0,0.0,1.0,0.0,1.0,0.0,0.5,GB-CHC-327461,2,0.34907626240228146,0.08363208403296175,0.0,0.08911215810532208,0.0,0.05252679225166355,0.09294660514172709,0.0,75.0,75.0,71.55813218320823,GB-CHC-327461,64.12252993019302,C,0.3327060980660441
206,5780618a370d935726736051,0.3905635648754915,0.4776315789473684,33322.522935779816,167727,3787,0.0,0.0,0.0,0.0,0.0,0.0,0.0,0.2765399737876802,0.0,0.003931847968545216,XM-DAC-41140,763,0.0906671364990378,0.05346136968102013,0.047954497103084935,0.025019627874800762,0.19063695556849644,0.00857812610071798,0.445620753380859,0.4771434411330516,97.19528178243775,100.0,90.08685216827791,XM-DAC-41140,70.0,A,0.13806153379198305
207,578061a0370d935726736052,0.0,0.0,14873.5,15358,14389,0.0,0.0,0.0,0.0,0.0,1.0,0.0,1.0,0.0,0.0,GB-CHC-1055436,2,0.01797045872471475,0.012057251776130772,0.0,0.011980305816476501,0.0,0.007570726274378088,0.8897913255802299,0.0,80.0,50.0,64.54972243679029,GB-CHC-1055436,60.0,D,0.06062993182806997
208,578061b5370d935726736053,0.45454545454545453,0.45454545454545453,7550.181818181818,17756,3736,0.0,0.0,0.0,0.0,0.0,1.0,0.0,0.7272727272727273,0.0,0.0,NL-KVK-41210098,11,0.04999442826825265,0.0893713458261477,0.0,0.0772486625533807,0.14887564339465031,0.020233295817809444,0.14718071624793538,0.07558743532142662,82.72727272727272,100.0,91.18443151637338,NL-KVK-41210098,90.0,A,0.46709590789182387
